Crop_Year,State,Crop,Production,Area,Yield,Crop_Type
2005,Andhra Pradesh,Arecanut,234,293.0,0.8025,Frutales
2004,Andhra Pradesh,Sweet potato,7829,1193.0,6.883157895,"Especias, Tubérculos y Hortalizas"
2004,Andhra Pradesh,Sugarcane,15739172,209536.0,77.12619048,Cultivos Industriales
2004,Andhra Pradesh,Potato,27527,4037.0,7.64,"Especias, Tubérculos y Hortalizas"
2004,Andhra Pradesh,Ginger,10906,1873.0,5.2775,"Especias, Tubérculos y Hortalizas"
2004,Andhra Pradesh,Garlic,0,552.0,0.0,"Especias, Tubérculos y Hortalizas"
2004,Andhra Pradesh,Coriander,9314,23981.0,0.516470588,"Especias, Tubérculos y Hortalizas"
2000,Andhra Pradesh,Arecanut,724,262.0,2.78,Frutales
2000,Andhra Pradesh,Banana,819660,49051.0,17.63090909,Frutales
2000,Andhra Pradesh,Cashewnut,31074,145315.0,0.190625,Frutales
2004,Andhra Pradesh,Tapioca,146784,20137.0,6.748,Cereales y Granos
2000,Andhra Pradesh,Coconut ,1092707179,102646.0,9101.813684,Frutales
2000,Andhra Pradesh,Ginger,6515,2329.0,3.14875,"Especias, Tubérculos y Hortalizas"
2000,Andhra Pradesh,Potato,14618,2489.0,6.14375,"Especias, Tubérculos y Hortalizas"
2000,Andhra Pradesh,Sugarcane,17690131,237150.0,73.8955,Cultivos Industriales
2000,Andhra Pradesh,Sweet potato,25467,1938.0,13.93277778,"Especias, Tubérculos y Hortalizas"
2000,Andhra Pradesh,Tapioca,166124,21506.0,7.528,Cereales y Granos
2000,Andhra Pradesh,Tobacco,463405,126144.0,3.364285714,Cultivos Industriales
2008,Andhra Pradesh,Arecanut,265,359.0,0.915,Frutales
2008,Andhra Pradesh,Banana,1368488,54100.0,26.21611111,Frutales
2008,Andhra Pradesh,Cashewnut,45208,150135.0,0.319230769,Frutales
2000,Andhra Pradesh,Coriander,19993,58441.0,0.395,"Especias, Tubérculos y Hortalizas"
2004,Andhra Pradesh,Tobacco,585193,189484.0,4.54547619,Cultivos Industriales
2006,Andhra Pradesh,Tapioca,209152,19732.0,8.95,Cereales y Granos
2006,Andhra Pradesh,Sweet potato,8608,997.0,8.821764706,"Especias, Tubérculos y Hortalizas"
2006,Andhra Pradesh,Banana,1224106,50286.0,26.19809524,Frutales
2006,Andhra Pradesh,Cashewnut,37470,145095.0,0.2375,Frutales
2006,Andhra Pradesh,Coconut ,1326398065,105043.0,11710.48222,Frutales
2006,Andhra Pradesh,Coriander,10061,25375.0,0.495,"Especias, Tubérculos y Hortalizas"
2003,Andhra Pradesh,Tobacco,516207,191030.0,3.782439024,Cultivos Industriales
2003,Andhra Pradesh,Tapioca,122145,19456.0,6.29,Cereales y Granos
2003,Andhra Pradesh,Sweet potato,9130,1263.0,7.32,"Especias, Tubérculos y Hortalizas"
2003,Andhra Pradesh,Sugarcane,15069824,208969.0,74.48380952,Cultivos Industriales
2003,Andhra Pradesh,Potato,24049,2648.0,9.045,"Especias, Tubérculos y Hortalizas"
2003,Andhra Pradesh,Ginger,5614,1873.0,2.995,"Especias, Tubérculos y Hortalizas"
2003,Andhra Pradesh,Coriander,15999,48644.0,0.405294118,"Especias, Tubérculos y Hortalizas"
2003,Andhra Pradesh,Coconut ,1195079360,103965.0,9524.628235,Frutales
2003,Andhra Pradesh,Cashewnut,39207,150077.0,0.225,Frutales
2003,Andhra Pradesh,Banana,515379,38714.0,15.68263158,Frutales
2003,Andhra Pradesh,Arecanut,221,311.0,0.704,Frutales
2007,Andhra Pradesh,Tobacco,175000,120000.0,1.529166667,Cultivos Industriales
2007,Andhra Pradesh,Sugarcane,20182000,247000.0,83.4125,Cultivos Industriales
2006,Andhra Pradesh,Ginger,10301,2439.0,3.558,"Especias, Tubérculos y Hortalizas"
2006,Andhra Pradesh,Potato,44728,3645.0,12.436,"Especias, Tubérculos y Hortalizas"
2006,Andhra Pradesh,Sugarcane,21691638,264333.0,86.37380952,Cultivos Industriales
2006,Andhra Pradesh,Sunflower,329437,445693.0,0.896363636,Oleaginosas
2008,Andhra Pradesh,Coconut ,970056617,106616.0,9132.568235,Frutales
2008,Andhra Pradesh,Coriander,15616,33439.0,0.585625,"Especias, Tubérculos y Hortalizas"
2008,Andhra Pradesh,Ginger,11684,2194.0,4.525555556,"Especias, Tubérculos y Hortalizas"
2008,Andhra Pradesh,Potato,50118,5227.0,9.332,"Especias, Tubérculos y Hortalizas"
2009,Andhra Pradesh,Garlic,1565,530.0,2.556666667,"Especias, Tubérculos y Hortalizas"
2009,Andhra Pradesh,Ginger,16674,2317.0,5.49625,"Especias, Tubérculos y Hortalizas"
2009,Andhra Pradesh,Potato,57159,5040.0,10.294,"Especias, Tubérculos y Hortalizas"
2009,Andhra Pradesh,Sugarcane,11695863,157834.0,83.372,Cultivos Industriales
2009,Andhra Pradesh,Sunflower,270089,350523.0,0.929090909,Oleaginosas
2009,Andhra Pradesh,Sweet potato,6781,886.0,7.28625,"Especias, Tubérculos y Hortalizas"
2009,Andhra Pradesh,Tapioca,146366,11234.0,9.916666667,Cereales y Granos
2009,Andhra Pradesh,Tobacco,724059,258386.0,4.295121951,Cultivos Industriales
2001,Andhra Pradesh,Arecanut,449,268.0,1.71,Frutales
2001,Andhra Pradesh,Banana,761365,50507.0,11.73363636,Frutales
2001,Andhra Pradesh,Cashewnut,38729,147370.0,0.236,Frutales
2001,Andhra Pradesh,Coconut ,1124969850,104244.0,9057.671111,Frutales
2001,Andhra Pradesh,Coriander,22711,57913.0,0.531176471,"Especias, Tubérculos y Hortalizas"
2001,Andhra Pradesh,Ginger,6263,2547.0,2.4375,"Especias, Tubérculos y Hortalizas"
2001,Andhra Pradesh,Potato,14653,2348.0,5.85,"Especias, Tubérculos y Hortalizas"
2001,Andhra Pradesh,Sugarcane,18081889,218298.0,84.989,Cultivos Industriales
2001,Andhra Pradesh,Sweet potato,25810,1945.0,14.05764706,"Especias, Tubérculos y Hortalizas"
2001,Andhra Pradesh,Tapioca,146361,17694.0,7.83,Cereales y Granos
2001,Andhra Pradesh,Tobacco,418057,188936.0,2.97047619,Cultivos Industriales
1998,Andhra Pradesh,Sugarcane,16501700,213700.0,81.223,Cultivos Industriales
1998,Andhra Pradesh,Tobacco,246100,193100.0,1.503684211,Cultivos Industriales
2009,Andhra Pradesh,Coriander,20605,37468.0,0.695625,"Especias, Tubérculos y Hortalizas"
2006,Andhra Pradesh,Arecanut,176,255.0,0.685,Frutales
2009,Andhra Pradesh,Coconut ,1149330226,104541.0,10004.87412,Frutales
2009,Andhra Pradesh,Banana,1775347,58229.0,30.9435,Frutales
2008,Andhra Pradesh,Sugarcane,15382999,196126.0,81.6452381,Cultivos Industriales
2008,Andhra Pradesh,Sunflower,326182,418539.0,1.032727273,Oleaginosas
2008,Andhra Pradesh,Sweet potato,9863,903.0,8.952142857,"Especias, Tubérculos y Hortalizas"
2008,Andhra Pradesh,Tapioca,208052,16765.0,9.871428571,Cereales y Granos
2004,Andhra Pradesh,Coconut ,1199311362,103869.0,10469.71389,Frutales
2004,Andhra Pradesh,Cashewnut,33571,150352.0,0.256875,Frutales
2004,Andhra Pradesh,Banana,980481,40906.0,26.37047619,Frutales
2002,Andhra Pradesh,Tobacco,451214,173612.0,3.58547619,Cultivos Industriales
2002,Andhra Pradesh,Tapioca,79474,13138.0,5.034285714,Cereales y Granos
2002,Andhra Pradesh,Sweet potato,13380,1286.0,11.29588235,"Especias, Tubérculos y Hortalizas"
2002,Andhra Pradesh,Sugarcane,15387218,232471.0,69.35666667,Cultivos Industriales
2002,Andhra Pradesh,Potato,18677,2672.0,6.946666667,"Especias, Tubérculos y Hortalizas"
2002,Andhra Pradesh,Ginger,3313,2026.0,1.635,"Especias, Tubérculos y Hortalizas"
2002,Andhra Pradesh,Coriander,13721,45073.0,0.414705882,"Especias, Tubérculos y Hortalizas"
2002,Andhra Pradesh,Coconut ,1158625735,105291.0,9202.625556,Frutales
2002,Andhra Pradesh,Cashewnut,19643,150644.0,0.168125,Frutales
2002,Andhra Pradesh,Banana,1027659,39354.0,26.83952381,Frutales
2002,Andhra Pradesh,Arecanut,427,296.0,1.4525,Frutales
2008,Andhra Pradesh,Tobacco,717012,232741.0,4.74097561,Cultivos Industriales
2005,Andhra Pradesh,Banana,935517,45642.0,23.9085,Frutales
2009,Andhra Pradesh,Arecanut,198,386.0,0.855,Frutales
2009,Andhra Pradesh,Cashewnut,42703,139274.0,0.315,Frutales
1999,Andhra Pradesh,Dry chillies,496115,267789.0,1.692727273,"Especias, Tubérculos y Hortalizas"
2006,Andhra Pradesh,Tobacco,582747,191822.0,4.163571429,Cultivos Industriales
2005,Andhra Pradesh,Potato,29564,3275.0,8.895,"Especias, Tubérculos y Hortalizas"
1999,Andhra Pradesh,Onion,520983,34925.0,16.27210526,"Especias, Tubérculos y Hortalizas"
2005,Andhra Pradesh,Sunflower,297556,444264.0,0.931363636,Oleaginosas
2005,Andhra Pradesh,Sweet potato,8726,1085.0,8.547777778,"Especias, Tubérculos y Hortalizas"
2005,Andhra Pradesh,Tapioca,125986,15281.0,7.2075,Cereales y Granos
2005,Andhra Pradesh,Sugarcane,17656395,229960.0,83.59,Cultivos Industriales
2005,Andhra Pradesh,Ginger,16456,2161.0,5.812222222,"Especias, Tubérculos y Hortalizas"
2005,Andhra Pradesh,Garlic,0,800.0,0.0,"Especias, Tubérculos y Hortalizas"
2005,Andhra Pradesh,Coriander,12725,28114.0,0.503333333,"Especias, Tubérculos y Hortalizas"
2005,Andhra Pradesh,Tobacco,716614,204328.0,4.374418605,Cultivos Industriales
2005,Andhra Pradesh,Coconut ,891991928,104438.0,7717.767778,Frutales
2005,Andhra Pradesh,Cashewnut,40153,148372.0,0.285882353,Frutales
1999,Andhra Pradesh,Sugarcane,18507614,232416.0,76.31571429,Cultivos Industriales
1999,Andhra Pradesh,Tobacco,133652,128826.0,1.253125,Cultivos Industriales
2002,Arunachal Pradesh,Dry chillies,2345,1608.0,1.555333333,"Especias, Tubérculos y Hortalizas"
2007,Arunachal Pradesh,Sugarcane,21754,1233.0,16.482,Cultivos Industriales
2008,Arunachal Pradesh,Potato,33405,4063.0,7.076875,"Especias, Tubérculos y Hortalizas"
2008,Arunachal Pradesh,Oilseeds total,31016,31785.0,0.995,Oleaginosas
2007,Arunachal Pradesh,Turmeric,2119,549.0,4.4425,"Especias, Tubérculos y Hortalizas"
2008,Arunachal Pradesh,Dry chillies,3960,2320.0,1.874285714,"Especias, Tubérculos y Hortalizas"
2003,Arunachal Pradesh,Ginger,37177,4680.0,6.168,"Especias, Tubérculos y Hortalizas"
2002,Arunachal Pradesh,Turmeric,2020,514.0,4.459090909,"Especias, Tubérculos y Hortalizas"
2001,Arunachal Pradesh,Turmeric,2094,573.0,4.02625,"Especias, Tubérculos y Hortalizas"
2002,Arunachal Pradesh,Sugarcane,15284,798.0,16.57,Cultivos Industriales
2002,Arunachal Pradesh,Potato,30183,4335.0,6.894,"Especias, Tubérculos y Hortalizas"
2002,Arunachal Pradesh,Oilseeds total,29821,28494.0,1.007333333,Oleaginosas
2008,Arunachal Pradesh,Ginger,47190,6356.0,6.07,"Especias, Tubérculos y Hortalizas"
2007,Arunachal Pradesh,Potato,29173,3843.0,6.91,"Especias, Tubérculos y Hortalizas"
2001,Arunachal Pradesh,Sugarcane,18920,1036.0,17.73888889,Cultivos Industriales
2002,Arunachal Pradesh,Ginger,32332,4448.0,6.605714286,"Especias, Tubérculos y Hortalizas"
2003,Arunachal Pradesh,Dry chillies,2430,1657.0,1.54,"Especias, Tubérculos y Hortalizas"
2004,Arunachal Pradesh,Dry chillies,2640,2012.0,1.81125,"Especias, Tubérculos y Hortalizas"
2004,Arunachal Pradesh,Ginger,32877,4451.0,6.24375,"Especias, Tubérculos y Hortalizas"
2003,Arunachal Pradesh,Potato,29569,4022.0,7.232666667,"Especias, Tubérculos y Hortalizas"
2006,Arunachal Pradesh,Oilseeds total,29265,32160.0,0.959375,Oleaginosas
2006,Arunachal Pradesh,Ginger,42821,5832.0,5.573125,"Especias, Tubérculos y Hortalizas"
2006,Arunachal Pradesh,Dry chillies,2729,1903.0,1.566875,"Especias, Tubérculos y Hortalizas"
2005,Arunachal Pradesh,Turmeric,1631,427.0,4.232857143,"Especias, Tubérculos y Hortalizas"
2005,Arunachal Pradesh,Sugarcane,16181,878.0,17.00555556,Cultivos Industriales
2005,Arunachal Pradesh,Potato,29838,3963.0,7.205333333,"Especias, Tubérculos y Hortalizas"
2005,Arunachal Pradesh,Oilseeds total,23695,27566.0,0.955333333,Oleaginosas
2006,Arunachal Pradesh,Turmeric,1965,532.0,4.425,"Especias, Tubérculos y Hortalizas"
2007,Arunachal Pradesh,Dry chillies,3634,2372.0,2.26625,"Especias, Tubérculos y Hortalizas"
2003,Arunachal Pradesh,Oilseeds total,28478,28024.0,0.991333333,Oleaginosas
2007,Arunachal Pradesh,Ginger,47407,6305.0,5.950625,"Especias, Tubérculos y Hortalizas"
2005,Arunachal Pradesh,Ginger,33326,4814.0,5.896,"Especias, Tubérculos y Hortalizas"
2005,Arunachal Pradesh,Dry chillies,2646,2168.0,1.486666667,"Especias, Tubérculos y Hortalizas"
2004,Arunachal Pradesh,Turmeric,1794,505.0,3.795555556,"Especias, Tubérculos y Hortalizas"
2004,Arunachal Pradesh,Sugarcane,14132,736.0,15.67090909,Cultivos Industriales
2004,Arunachal Pradesh,Potato,27518,4217.0,6.794666667,"Especias, Tubérculos y Hortalizas"
2004,Arunachal Pradesh,Oilseeds total,26281,27139.0,1.044666667,Oleaginosas
2008,Arunachal Pradesh,Sugarcane,23439,1370.0,15.32727273,Cultivos Industriales
2003,Arunachal Pradesh,Turmeric,1527,447.0,3.82125,"Especias, Tubérculos y Hortalizas"
2003,Arunachal Pradesh,Sugarcane,15150,738.0,17.09888889,Cultivos Industriales
2007,Arunachal Pradesh,Oilseeds total,28568,30749.0,0.9325,Oleaginosas
2006,Arunachal Pradesh,Potato,31689,3985.0,7.649375,"Especias, Tubérculos y Hortalizas"
2008,Arunachal Pradesh,Turmeric,2375,612.0,3.945454545,"Especias, Tubérculos y Hortalizas"
2009,Arunachal Pradesh,Ginger,49663,6401.0,6.3375,"Especias, Tubérculos y Hortalizas"
2000,Arunachal Pradesh,Turmeric,1872,454.0,4.847142857,"Especias, Tubérculos y Hortalizas"
2000,Arunachal Pradesh,Sugarcane,14358,811.0,16.885,Cultivos Industriales
2009,Arunachal Pradesh,Dry chillies,3499,2086.0,2.042857143,"Especias, Tubérculos y Hortalizas"
2000,Arunachal Pradesh,Oilseeds total,27252,26301.0,1.003846154,Oleaginosas
2000,Arunachal Pradesh,Ginger,35295,4774.0,5.773,"Especias, Tubérculos y Hortalizas"
2000,Arunachal Pradesh,Dry chillies,2097,1317.0,1.815833333,"Especias, Tubérculos y Hortalizas"
1999,Arunachal Pradesh,Turmeric,1473,404.0,4.262857143,"Especias, Tubérculos y Hortalizas"
1999,Arunachal Pradesh,Sugarcane,16219,809.0,16.47375,Cultivos Industriales
2001,Arunachal Pradesh,Dry chillies,2128,1629.0,1.48,"Especias, Tubérculos y Hortalizas"
1999,Arunachal Pradesh,Potato,32434,4960.0,6.365833333,"Especias, Tubérculos y Hortalizas"
1999,Arunachal Pradesh,Ginger,34890,4399.0,5.327272727,"Especias, Tubérculos y Hortalizas"
1999,Arunachal Pradesh,Dry chillies,1696,1499.0,1.2625,"Especias, Tubérculos y Hortalizas"
1998,Arunachal Pradesh,Turmeric,1199,366.0,3.574285714,"Especias, Tubérculos y Hortalizas"
1998,Arunachal Pradesh,Sugarcane,15032,743.0,17.69111111,Cultivos Industriales
1998,Arunachal Pradesh,Potato,31567,4846.0,6.744615385,"Especias, Tubérculos y Hortalizas"
1998,Arunachal Pradesh,Oilseeds total,25300,26481.0,0.955384615,Oleaginosas
1998,Arunachal Pradesh,Ginger,31091,4385.0,4.981818182,"Especias, Tubérculos y Hortalizas"
1998,Arunachal Pradesh,Dry chillies,1582,1236.0,1.7575,"Especias, Tubérculos y Hortalizas"
1999,Arunachal Pradesh,Oilseeds total,27228,27748.0,0.943076923,Oleaginosas
2001,Arunachal Pradesh,Ginger,38021,4613.0,6.304545455,"Especias, Tubérculos y Hortalizas"
2000,Arunachal Pradesh,Potato,36743,5621.0,6.783076923,"Especias, Tubérculos y Hortalizas"
2006,Arunachal Pradesh,Sugarcane,16843,1030.0,16.362,Cultivos Industriales
2009,Arunachal Pradesh,Turmeric,2556,626.0,4.01,"Especias, Tubérculos y Hortalizas"
1997,Arunachal Pradesh,Oilseeds total,24290,26118.0,0.950769231,Oleaginosas
2001,Arunachal Pradesh,Potato,32635,4646.0,6.809230769,"Especias, Tubérculos y Hortalizas"
2001,Arunachal Pradesh,Oilseeds total,29307,27560.0,1.021538462,Oleaginosas
2009,Arunachal Pradesh,Sugarcane,27145,1476.0,16.791,Cultivos Industriales
2009,Arunachal Pradesh,Potato,36449,4235.0,7.4525,"Especias, Tubérculos y Hortalizas"
2009,Arunachal Pradesh,Oilseeds total,215842,121468.0,1.679375,Oleaginosas
2009,Assam,Arecanut,68556,68947.0,0.981851852,Frutales
2008,Assam,Banana,629050,45580.0,13.89074074,Frutales
2009,Assam,Turmeric,9719,13883.0,0.744074074,"Especias, Tubérculos y Hortalizas"
2009,Assam,Tobacco,320,591.0,0.631923077,Cultivos Industriales
2009,Assam,Tapioca,15286,3205.0,4.463076923,Cereales y Granos
2009,Assam,Banana,621747,44980.0,13.76888889,Frutales
2009,Assam,Black pepper,4398,2967.0,1.577777778,"Especias, Tubérculos y Hortalizas"
2009,Assam,Coconut ,185962000,20368.0,8446.091481,Frutales
2008,Assam,Arecanut,63895,66072.0,0.989259259,Frutales
2001,Assam,Turmeric,8164,11812.0,0.672173913,"Especias, Tubérculos y Hortalizas"
2008,Assam,Black pepper,5144,3393.0,1.680384615,"Especias, Tubérculos y Hortalizas"
2008,Assam,Sugarcane,1099749,28649.0,37.27,Cultivos Industriales
2008,Assam,Dry chillies,10862,17010.0,0.62962963,"Especias, Tubérculos y Hortalizas"
2008,Assam,Sweet potato,22341,6338.0,3.421481481,"Especias, Tubérculos y Hortalizas"
2008,Assam,Onion,16816,6963.0,2.381481481,"Especias, Tubérculos y Hortalizas"
2009,Assam,Dry chillies,11727,17111.0,0.65962963,"Especias, Tubérculos y Hortalizas"
2009,Assam,Ginger,107893,15690.0,6.941481481,"Especias, Tubérculos y Hortalizas"
2009,Assam,Onion,15801,6785.0,2.375185185,"Especias, Tubérculos y Hortalizas"
2009,Assam,Potato,600153,82629.0,7.163703704,"Especias, Tubérculos y Hortalizas"
2009,Assam,Sugarcane,1062418,27165.0,38.25,Cultivos Industriales
2009,Assam,Sweet potato,23969,6806.0,3.410740741,"Especias, Tubérculos y Hortalizas"
2008,Assam,Turmeric,10497,14459.0,0.792962963,"Especias, Tubérculos y Hortalizas"
2008,Assam,Tobacco,266,493.0,0.649166667,Cultivos Industriales
2008,Assam,Tapioca,14397,3045.0,4.509615385,Cereales y Granos
2008,Assam,Potato,515740,78317.0,6.5,"Especias, Tubérculos y Hortalizas"
2008,Assam,Coconut ,180161000,19135.0,7716.895185,Frutales
2008,Assam,Ginger,103915,15210.0,6.942592593,"Especias, Tubérculos y Hortalizas"
2005,Assam,Turmeric,8500,11611.0,0.728888889,"Especias, Tubérculos y Hortalizas"
2002,Assam,Banana,589595,42631.0,13.77652174,Frutales
2007,Assam,Banana,606749,43999.0,13.68962963,Frutales
2007,Assam,Arecanut,56665,66235.0,0.856666667,Frutales
2006,Assam,Turmeric,8538,11741.0,0.723703704,"Especias, Tubérculos y Hortalizas"
2006,Assam,Tobacco,301,563.0,0.5928,Cultivos Industriales
2006,Assam,Tapioca,12602,2671.0,4.426923077,Cereales y Granos
2006,Assam,Sweet potato,28443,8112.0,3.406666667,"Especias, Tubérculos y Hortalizas"
2006,Assam,Sugarcane,1055337,26627.0,39.10666667,Cultivos Industriales
2006,Assam,Potato,504557,77712.0,6.657407407,"Especias, Tubérculos y Hortalizas"
2006,Assam,Onion,16775,6870.0,2.384814815,"Especias, Tubérculos y Hortalizas"
2006,Assam,Dry chillies,9975,15453.0,0.633703704,"Especias, Tubérculos y Hortalizas"
2006,Assam,Coconut ,135725000,18595.0,6233.948519,Frutales
2006,Assam,Banana,598857,43250.0,13.70814815,Frutales
2006,Assam,Arecanut,55044,69104.0,0.817037037,Frutales
2001,Assam,Tobacco,593,1195.0,0.600434783,Cultivos Industriales
2003,Assam,Arecanut,70414,74001.0,0.979130435,Frutales
2003,Assam,Banana,594645,42982.0,13.78478261,Frutales
2003,Assam,Coconut ,154284000,21309.0,6763.011739,Frutales
2003,Assam,Dry chillies,9688,14808.0,0.633913043,"Especias, Tubérculos y Hortalizas"
2003,Assam,Onion,17142,7332.0,2.34173913,"Especias, Tubérculos y Hortalizas"
2003,Assam,Potato,543070,77894.0,6.471304348,"Especias, Tubérculos y Hortalizas"
2003,Assam,Sugarcane,981360,25431.0,37.43217391,Cultivos Industriales
2003,Assam,Sweet potato,28384,8194.0,3.412173913,"Especias, Tubérculos y Hortalizas"
2003,Assam,Tapioca,13613,2873.0,4.383636364,Cereales y Granos
2003,Assam,Tobacco,416,828.0,0.561304348,Cultivos Industriales
2003,Assam,Turmeric,8420,12249.0,0.669130435,"Especias, Tubérculos y Hortalizas"
2007,Assam,Black pepper,4212,2823.0,1.528518519,"Especias, Tubérculos y Hortalizas"
2007,Assam,Coconut ,147079000,18812.0,7202.371852,Frutales
2007,Assam,Dry chillies,10134,16101.0,0.625555556,"Especias, Tubérculos y Hortalizas"
2007,Assam,Ginger,107076,15624.0,6.94,"Especias, Tubérculos y Hortalizas"
2002,Assam,Coconut ,160277000,20919.0,6959.633043,Frutales
2002,Assam,Dry chillies,9784,14885.0,0.637826087,"Especias, Tubérculos y Hortalizas"
2002,Assam,Onion,17467,7500.0,2.337826087,"Especias, Tubérculos y Hortalizas"
2002,Assam,Potato,589916,75486.0,7.566956522,"Especias, Tubérculos y Hortalizas"
2002,Assam,Sugarcane,916076,25152.0,37.02130435,Cultivos Industriales
2002,Assam,Sweet potato,28460,8243.0,3.405652174,"Especias, Tubérculos y Hortalizas"
2002,Assam,Tapioca,13501,2835.0,4.415,Cereales y Granos
2002,Assam,Tobacco,539,1104.0,0.56,Cultivos Industriales
2002,Assam,Turmeric,8315,12066.0,0.669130435,"Especias, Tubérculos y Hortalizas"
2005,Assam,Arecanut,66778,71176.0,0.913478261,Frutales
2005,Assam,Banana,577713,41967.0,13.70555556,Frutales
2005,Assam,Coconut ,204937000,19057.0,8486.539565,Frutales
2002,Assam,Arecanut,51631,73664.0,0.711304348,Frutales
2005,Assam,Dry chillies,9494,14688.0,0.637407407,"Especias, Tubérculos y Hortalizas"
2005,Assam,Potato,353696,69638.0,5.326296296,"Especias, Tubérculos y Hortalizas"
2005,Assam,Sugarcane,871219,23426.0,37.99444444,Cultivos Industriales
2005,Assam,Sweet potato,25858,7269.0,3.405555556,"Especias, Tubérculos y Hortalizas"
2005,Assam,Tapioca,13261,2777.0,4.458518519,Cereales y Granos
2005,Assam,Tobacco,351,657.0,0.504074074,Cultivos Industriales
2007,Assam,Turmeric,8629,12529.0,0.692592593,"Especias, Tubérculos y Hortalizas"
2007,Assam,Tobacco,265,501.0,0.5824,Cultivos Industriales
2007,Assam,Tapioca,12207,2609.0,4.444615385,Cereales y Granos
2007,Assam,Sweet potato,24301,6918.0,3.395925926,"Especias, Tubérculos y Hortalizas"
2007,Assam,Sugarcane,979860,25734.0,36.67259259,Cultivos Industriales
2007,Assam,Potato,520831,75197.0,6.564444444,"Especias, Tubérculos y Hortalizas"
2007,Assam,Onion,16323,6697.0,2.37037037,"Especias, Tubérculos y Hortalizas"
2005,Assam,Onion,18291,7726.0,2.373333333,"Especias, Tubérculos y Hortalizas"
2001,Assam,Tapioca,13710,2904.0,4.384347826,Cereales y Granos
1997,Assam,Arecanut,56708,73814.0,0.796086957,Frutales
2001,Assam,Sugarcane,1011398,27166.0,37.2173913,Cultivos Industriales
1999,Assam,Potato,699744,76748.0,8.062608696,"Especias, Tubérculos y Hortalizas"
1999,Assam,Sugarcane,1154615,29107.0,40.43478261,Cultivos Industriales
1999,Assam,Sweet potato,30979,8955.0,3.409130435,"Especias, Tubérculos y Hortalizas"
1999,Assam,Tapioca,13444,2836.0,4.436521739,Cereales y Granos
1999,Assam,Tobacco,695,1373.0,0.573913043,Cultivos Industriales
1999,Assam,Turmeric,7586,10980.0,0.667391304,"Especias, Tubérculos y Hortalizas"
2004,Assam,Turmeric,8401,11697.0,0.722173913,"Especias, Tubérculos y Hortalizas"
2004,Assam,Tobacco,365,678.0,0.580869565,Cultivos Industriales
2004,Assam,Sweet potato,28030,8026.0,3.406956522,"Especias, Tubérculos y Hortalizas"
2004,Assam,Sugarcane,883925,23942.0,37.40956522,Cultivos Industriales
1999,Assam,Onion,17167,7365.0,2.322173913,"Especias, Tubérculos y Hortalizas"
2004,Assam,Potato,589070,73104.0,7.482608696,"Especias, Tubérculos y Hortalizas"
2004,Assam,Dry chillies,9155,14283.0,0.631304348,"Especias, Tubérculos y Hortalizas"
2000,Assam,Arecanut,68261,73237.0,0.957391304,Frutales
2000,Assam,Banana,590095,42534.0,13.73217391,Frutales
2000,Assam,Coconut ,135910000,20913.0,5771.352609,Frutales
2000,Assam,Dry chillies,9681,14688.0,0.637826087,"Especias, Tubérculos y Hortalizas"
2000,Assam,Onion,17156,7359.0,2.331304348,"Especias, Tubérculos y Hortalizas"
2001,Assam,Sweet potato,28665,8343.0,3.326956522,"Especias, Tubérculos y Hortalizas"
2000,Assam,Sugarcane,987696,26768.0,36.57217391,Cultivos Industriales
2000,Assam,Sweet potato,30351,8757.0,3.435217391,"Especias, Tubérculos y Hortalizas"
2000,Assam,Tapioca,13546,2859.0,4.423478261,Cereales y Granos
2004,Assam,Onion,16786,7122.0,2.396956522,"Especias, Tubérculos y Hortalizas"
2000,Assam,Tobacco,624,1278.0,0.584782609,Cultivos Industriales
1999,Assam,Dry chillies,9516,14418.0,0.636956522,"Especias, Tubérculos y Hortalizas"
1999,Assam,Banana,583383,41922.0,13.74652174,Frutales
1997,Assam,Coconut ,126905000,19656.0,5238.051739,Frutales
1997,Assam,Dry chillies,9073,13587.0,0.643636364,"Especias, Tubérculos y Hortalizas"
1997,Assam,Niger seed,5076,9914.0,0.482352941,Oleaginosas
1997,Assam,Onion,17943,7832.0,2.342608696,"Especias, Tubérculos y Hortalizas"
1997,Assam,Potato,671871,75259.0,7.561304348,"Especias, Tubérculos y Hortalizas"
1997,Assam,Sesamum,8257,15765.0,0.487391304,Oleaginosas
1997,Assam,Sweet potato,32618,9380.0,3.440434783,"Especias, Tubérculos y Hortalizas"
1997,Assam,Tapioca,11728,2465.0,4.41826087,Cereales y Granos
1997,Assam,Tobacco,26,433.0,0.38,Cultivos Industriales
1997,Assam,Turmeric,6974,10071.0,0.67,"Especias, Tubérculos y Hortalizas"
1999,Assam,Coconut ,150062000,20238.0,5672.116522,Frutales
1998,Assam,Arecanut,55355,74457.0,0.784347826,Frutales
1998,Assam,Coconut ,149866000,20166.0,6045.886957,Frutales
1998,Assam,Dry chillies,9690,14724.0,0.636956522,"Especias, Tubérculos y Hortalizas"
1998,Assam,Onion,18341,8083.0,2.340434783,"Especias, Tubérculos y Hortalizas"
1998,Assam,Potato,611077,76958.0,7.230434783,"Especias, Tubérculos y Hortalizas"
1998,Assam,Sugarcane,1223578,30571.0,39.89304348,Cultivos Industriales
1998,Assam,Sweet potato,32437,9433.0,3.435652174,"Especias, Tubérculos y Hortalizas"
1998,Assam,Tapioca,13261,2798.0,4.445217391,Cereales y Granos
1998,Assam,Tobacco,732,1465.0,0.569545455,Cultivos Industriales
1998,Assam,Turmeric,7416,10729.0,0.666956522,"Especias, Tubérculos y Hortalizas"
1999,Assam,Arecanut,52924,73464.0,0.746086957,Frutales
1998,Assam,Banana,581884,41885.0,13.78826087,Frutales
2000,Assam,Turmeric,8032,11626.0,0.668695652,"Especias, Tubérculos y Hortalizas"
2000,Assam,Potato,668457,80504.0,7.459565217,"Especias, Tubérculos y Hortalizas"
2001,Assam,Potato,620571,80056.0,7.350869565,"Especias, Tubérculos y Hortalizas"
2001,Assam,Coconut ,163597000,21067.0,7700.721304,Frutales
2001,Assam,Banana,606192,43600.0,13.77652174,Frutales
2001,Assam,Arecanut,69663,73223.0,0.985652174,Frutales
2001,Assam,Onion,17453,7476.0,2.351304348,"Especias, Tubérculos y Hortalizas"
2001,Assam,Dry chillies,9647,14732.0,0.637826087,"Especias, Tubérculos y Hortalizas"
2001,Bihar,Onion,134445,14083.0,10.47351351,"Especias, Tubérculos y Hortalizas"
1998,Bihar,Turmeric,3288,3106.0,1.114615385,"Especias, Tubérculos y Hortalizas"
1998,Bihar,Tobacco,13380,17537.0,0.816111111,Cultivos Industriales
1998,Bihar,Sugarcane,5101066,106935.0,39.29543478,Cultivos Industriales
1999,Bihar,Banana,207607,15386.0,12.55909091,Frutales
1998,Bihar,Sannhamp,2380,4196.0,0.535833333,Cereales y Granos
1998,Bihar,Potato,1721987,178428.0,9.751454545,"Especias, Tubérculos y Hortalizas"
1998,Bihar,Onion,192991,20408.0,9.368181818,"Especias, Tubérculos y Hortalizas"
1998,Bihar,Ginger,1116,798.0,1.4005,"Especias, Tubérculos y Hortalizas"
1998,Bihar,Sweet potato,193770,17925.0,11.04475,"Especias, Tubérculos y Hortalizas"
1999,Bihar,Coriander,1624,3086.0,0.537241379,"Especias, Tubérculos y Hortalizas"
2007,Bihar,Garlic,3615,2502.0,1.448,"Especias, Tubérculos y Hortalizas"
2007,Bihar,Onion,136730,15216.0,8.736111111,"Especias, Tubérculos y Hortalizas"
2007,Bihar,Dry chillies,3534,2680.0,1.106206897,"Especias, Tubérculos y Hortalizas"
2007,Bihar,Coriander,1573,2167.0,0.736666667,"Especias, Tubérculos y Hortalizas"
2007,Bihar,Banana,233609,17872.0,15.2126087,Frutales
2005,Bihar,Turmeric,3417,3515.0,0.975,"Especias, Tubérculos y Hortalizas"
2005,Bihar,Tobacco,17242,14901.0,1.151428571,Cultivos Industriales
2005,Bihar,Sweet potato,68398,4397.0,15.47413793,"Especias, Tubérculos y Hortalizas"
2005,Bihar,Sugarcane,4240463,101243.0,36.43151515,Cultivos Industriales
2005,Bihar,Sannhamp,2587,3191.0,0.773225806,Cereales y Granos
2005,Bihar,Potato,1225728,140539.0,8.786842105,"Especias, Tubérculos y Hortalizas"
2005,Bihar,Onion,160656,18401.0,8.135263158,"Especias, Tubérculos y Hortalizas"
2005,Bihar,Ginger,1243,824.0,1.53,"Especias, Tubérculos y Hortalizas"
1999,Bihar,Dry chillies,5688,5504.0,1.091428571,"Especias, Tubérculos y Hortalizas"
2007,Bihar,Potato,1244108,153909.0,8.115,"Especias, Tubérculos y Hortalizas"
2007,Bihar,Turmeric,3419,3432.0,0.9985,"Especias, Tubérculos y Hortalizas"
2007,Bihar,Sweet potato,49649,3741.0,13.45586207,"Especias, Tubérculos y Hortalizas"
1998,Bihar,Garlic,4252,2927.0,1.415365854,"Especias, Tubérculos y Hortalizas"
1998,Bihar,Dry chillies,6362,6304.0,0.970666667,"Especias, Tubérculos y Hortalizas"
1998,Bihar,Coriander,1821,2971.0,0.680512821,"Especias, Tubérculos y Hortalizas"
1998,Bihar,Banana,323667,17743.0,17.85958333,Frutales
1997,Bihar,Turmeric,3216,2904.0,1.173333333,"Especias, Tubérculos y Hortalizas"
1997,Bihar,Sweet potato,186123,14114.0,13.03461538,"Especias, Tubérculos y Hortalizas"
1997,Bihar,Sugarcane,4939899,107424.0,50.18152174,Cultivos Industriales
1997,Bihar,Sannhamp,2282,3844.0,0.583095238,Cereales y Granos
1997,Bihar,Ragi,64976,74292.0,0.8998,Cereales y Granos
1997,Bihar,Potato,1465659,168074.0,8.929636364,"Especias, Tubérculos y Hortalizas"
1997,Bihar,Onion,137869,18061.0,7.817272727,"Especias, Tubérculos y Hortalizas"
2007,Bihar,Sugarcane,4027229,107039.0,33.2446875,Cultivos Industriales
1997,Bihar,Garlic,4095,3068.0,1.317560976,"Especias, Tubérculos y Hortalizas"
1997,Bihar,Coriander,1509,3097.0,0.462051282,"Especias, Tubérculos y Hortalizas"
1997,Bihar,Banana,440763,18197.0,24.0412,Frutales
2009,Bihar,Tobacco,16878,9040.0,1.897,Cultivos Industriales
2009,Bihar,Sugarcane,3443693,72916.0,44.66484848,Cultivos Industriales
2008,Bihar,Turmeric,3027,2610.0,1.153,"Especias, Tubérculos y Hortalizas"
2008,Bihar,Sugarcane,4959918,111902.0,38.28870968,Cultivos Industriales
2008,Bihar,Onion,137545,14805.0,8.775714286,"Especias, Tubérculos y Hortalizas"
2008,Bihar,Garlic,4014,2522.0,1.587142857,"Especias, Tubérculos y Hortalizas"
2008,Bihar,Dry chillies,3238,2364.0,1.227666667,"Especias, Tubérculos y Hortalizas"
2005,Bihar,Garlic,4003,2711.0,1.476774194,"Especias, Tubérculos y Hortalizas"
2007,Bihar,Tobacco,22428,13330.0,1.808333333,Cultivos Industriales
1997,Bihar,Dry chillies,4450,5231.0,0.881777778,"Especias, Tubérculos y Hortalizas"
2005,Bihar,Dry chillies,3029,3107.0,0.936774194,"Especias, Tubérculos y Hortalizas"
2005,Bihar,Coriander,1749,2227.0,0.8034375,"Especias, Tubérculos y Hortalizas"
2005,Bihar,Banana,239311,15596.0,17.24727273,Frutales
2003,Bihar,Tobacco,15960,14353.0,1.103333333,Cultivos Industriales
2003,Bihar,Sweet potato,63938,4551.0,12.97965517,"Especias, Tubérculos y Hortalizas"
2003,Bihar,Sugarcane,4285888,103100.0,39.12181818,Cultivos Industriales
2003,Bihar,Sannhamp,2467,3441.0,0.713076923,Cereales y Granos
2003,Bihar,Potato,1351846,142013.0,9.989210526,"Especias, Tubérculos y Hortalizas"
2003,Bihar,Onion,137965,14545.0,9.284736842,"Especias, Tubérculos y Hortalizas"
2003,Bihar,Garlic,3605,2797.0,1.484375,"Especias, Tubérculos y Hortalizas"
2003,Bihar,Dry chillies,2198,3233.0,0.732647059,"Especias, Tubérculos y Hortalizas"
2003,Bihar,Coriander,1500,2169.0,0.690967742,"Especias, Tubérculos y Hortalizas"
2003,Bihar,Banana,215248,13007.0,19.39208333,Frutales
2002,Bihar,Turmeric,2893,2927.0,0.993809524,"Especias, Tubérculos y Hortalizas"
2002,Bihar,Tobacco,16805,14952.0,1.124166667,Cultivos Industriales
2002,Bihar,Sweet potato,66772,5000.0,12.524,"Especias, Tubérculos y Hortalizas"
2002,Bihar,Sugarcane,4520510,107270.0,39.25787879,Cultivos Industriales
2002,Bihar,Sannhamp,3012,4235.0,0.726666667,Cereales y Granos
2002,Bihar,Potato,1476602,147819.0,10.27135135,"Especias, Tubérculos y Hortalizas"
2002,Bihar,Onion,116759,13589.0,8.524054054,"Especias, Tubérculos y Hortalizas"
2002,Bihar,Ginger,584,394.0,1.380666667,"Especias, Tubérculos y Hortalizas"
2002,Bihar,Garlic,3280,2221.0,1.445625,"Especias, Tubérculos y Hortalizas"
2002,Bihar,Dry chillies,2301,3420.0,0.682580645,"Especias, Tubérculos y Hortalizas"
2002,Bihar,Coriander,1426,2190.0,0.661333333,"Especias, Tubérculos y Hortalizas"
2002,Bihar,Banana,340338,17307.0,22.17956522,Frutales
2001,Bihar,Turmeric,3038,2918.0,1.139166667,"Especias, Tubérculos y Hortalizas"
2001,Bihar,Tobacco,15031,13651.0,1.207857143,Cultivos Industriales
2001,Bihar,Sweet potato,56979,4981.0,11.255,"Especias, Tubérculos y Hortalizas"
2001,Bihar,Sugarcane,5818262,120754.0,44.32352941,Cultivos Industriales
2001,Bihar,Potato,1432119,140783.0,10.54486486,"Especias, Tubérculos y Hortalizas"
2003,Bihar,Turmeric,2758,2789.0,0.994782609,"Especias, Tubérculos y Hortalizas"
2001,Bihar,Garlic,3164,2156.0,1.432758621,"Especias, Tubérculos y Hortalizas"
2001,Bihar,Coriander,1326,2286.0,0.574516129,"Especias, Tubérculos y Hortalizas"
2000,Bihar,Turmeric,3035,3121.0,1.01,"Especias, Tubérculos y Hortalizas"
2004,Bihar,Turmeric,2788,2823.0,0.992608696,"Especias, Tubérculos y Hortalizas"
2004,Bihar,Tobacco,18659,16071.0,1.137647059,Cultivos Industriales
2004,Bihar,Sweet potato,64343,4279.0,13.32516129,"Especias, Tubérculos y Hortalizas"
2004,Bihar,Sugarcane,4111722,104189.0,36.05151515,Cultivos Industriales
2004,Bihar,Sannhamp,3532,4388.0,0.832962963,Cereales y Granos
2004,Bihar,Potato,1062822,138730.0,8.02,"Especias, Tubérculos y Hortalizas"
2004,Bihar,Onion,106528,14115.0,7.463684211,"Especias, Tubérculos y Hortalizas"
2004,Bihar,Ginger,596,394.0,1.486153846,"Especias, Tubérculos y Hortalizas"
2004,Bihar,Garlic,3735,2479.0,1.527741935,"Especias, Tubérculos y Hortalizas"
2004,Bihar,Dry chillies,2245,3126.0,0.71875,"Especias, Tubérculos y Hortalizas"
2004,Bihar,Coriander,1362,2078.0,0.644375,"Especias, Tubérculos y Hortalizas"
2004,Bihar,Banana,189572,14784.0,14.46545455,Frutales
1999,Bihar,Garlic,3983,2777.0,1.380967742,"Especias, Tubérculos y Hortalizas"
1999,Bihar,Potato,1381179,144461.0,9.737297297,"Especias, Tubérculos y Hortalizas"
1999,Bihar,Sugarcane,4088505,97198.0,36.62083333,Cultivos Industriales
1999,Bihar,Sweet potato,79132,5804.0,13.63172414,"Especias, Tubérculos y Hortalizas"
1999,Bihar,Tobacco,17613,17389.0,1.006666667,Cultivos Industriales
1999,Bihar,Turmeric,3302,3134.0,1.154210526,"Especias, Tubérculos y Hortalizas"
2000,Bihar,Banana,339988,16186.0,17.94875,Frutales
2000,Bihar,Coriander,1187,2511.0,0.502,"Especias, Tubérculos y Hortalizas"
2000,Bihar,Dry chillies,4641,4385.0,1.03,"Especias, Tubérculos y Hortalizas"
2000,Bihar,Garlic,3611,2560.0,1.365,"Especias, Tubérculos y Hortalizas"
2000,Bihar,Onion,140786,13788.0,10.16783784,"Especias, Tubérculos y Hortalizas"
2000,Bihar,Potato,1400358,144563.0,9.984594595,"Especias, Tubérculos y Hortalizas"
2000,Bihar,Sugarcane,3985577,93529.0,37.13647059,Cultivos Industriales
2000,Bihar,Sweet potato,60707,5009.0,12.08833333,"Especias, Tubérculos y Hortalizas"
2000,Bihar,Tobacco,17947,15432.0,1.154375,Cultivos Industriales
2001,Bihar,Banana,355042,16263.0,21.29136364,Frutales
2001,Bihar,Dry chillies,3550,3558.0,1.001666667,"Especias, Tubérculos y Hortalizas"
1999,Bihar,Onion,196037,17783.0,11.98918919,"Especias, Tubérculos y Hortalizas"
2003,Chhattisgarh,Ginger,1353,1291.0,1.204666667,"Especias, Tubérculos y Hortalizas"
2001,Chhattisgarh,Sannhamp,611,1736.0,0.34875,Cereales y Granos
2001,Chhattisgarh,Potato,64152,9315.0,6.849375,"Especias, Tubérculos y Hortalizas"
2001,Chhattisgarh,Onion,33857,3836.0,8.872,"Especias, Tubérculos y Hortalizas"
2001,Chhattisgarh,Ginger,1681,1797.0,1.035384615,"Especias, Tubérculos y Hortalizas"
2001,Chhattisgarh,Garlic,2203,779.0,3.026428571,"Especias, Tubérculos y Hortalizas"
2001,Chhattisgarh,Dry chillies,3765,6909.0,0.540625,"Especias, Tubérculos y Hortalizas"
2001,Chhattisgarh,Coriander,951,3618.0,0.28875,"Especias, Tubérculos y Hortalizas"
2001,Chhattisgarh,Bajra,11012,282.0,37.904,Cereales y Granos
2004,Chhattisgarh,Tobacco,17,33.0,0.68,Cultivos Industriales
2004,Chhattisgarh,Turmeric,642,738.0,1.040625,"Especias, Tubérculos y Hortalizas"
2003,Chhattisgarh,Bajra,11291,283.0,38.706,Cereales y Granos
2003,Chhattisgarh,Coriander,1159,3958.0,0.265333333,"Especias, Tubérculos y Hortalizas"
2003,Chhattisgarh,Dry chillies,4248,6486.0,0.645,"Especias, Tubérculos y Hortalizas"
2003,Chhattisgarh,Garlic,2576,910.0,3.008571429,"Especias, Tubérculos y Hortalizas"
2009,Chhattisgarh,Potato,45830,12076.0,4.504666667,"Especias, Tubérculos y Hortalizas"
2003,Chhattisgarh,Onion,32548,4441.0,7.334,"Especias, Tubérculos y Hortalizas"
2003,Chhattisgarh,Potato,49238,10228.0,5.158125,"Especias, Tubérculos y Hortalizas"
2008,Chhattisgarh,Turmeric,785,875.0,0.975625,"Especias, Tubérculos y Hortalizas"
2008,Chhattisgarh,Tobacco,14,27.0,0.506666667,Cultivos Industriales
2003,Chhattisgarh,Sannhamp,577,1702.0,0.3225,Cereales y Granos
2003,Chhattisgarh,Sugarcane,13290,5148.0,2.842666667,Cultivos Industriales
2003,Chhattisgarh,Sweet potato,15235,2665.0,5.71625,"Especias, Tubérculos y Hortalizas"
2003,Chhattisgarh,Tobacco,23,41.0,0.656,Cultivos Industriales
2003,Chhattisgarh,Turmeric,616,678.0,1.079375,"Especias, Tubérculos y Hortalizas"
2008,Chhattisgarh,Sweet potato,14161,2683.0,5.593888889,"Especias, Tubérculos y Hortalizas"
2008,Chhattisgarh,Sugarcane,22230,9034.0,2.77875,Cultivos Industriales
2008,Chhattisgarh,Sannhamp,482,1434.0,0.301176471,Cereales y Granos
2001,Chhattisgarh,Sugarcane,9046,3476.0,2.805714286,Cultivos Industriales
2008,Chhattisgarh,Onion,22242,4332.0,5.273125,"Especias, Tubérculos y Hortalizas"
2009,Chhattisgarh,Onion,22924,5013.0,4.292666667,"Especias, Tubérculos y Hortalizas"
2001,Chhattisgarh,Sweet potato,14001,2402.0,5.834375,"Especias, Tubérculos y Hortalizas"
2002,Chhattisgarh,Turmeric,586,680.0,1.030714286,"Especias, Tubérculos y Hortalizas"
2002,Chhattisgarh,Tobacco,18,39.0,0.52,Cultivos Industriales
2002,Chhattisgarh,Sweet potato,14824,2585.0,5.37,"Especias, Tubérculos y Hortalizas"
2002,Chhattisgarh,Sugarcane,9967,3957.0,2.751333333,Cultivos Industriales
2002,Chhattisgarh,Sannhamp,492,1672.0,0.2975,Cereales y Granos
2002,Chhattisgarh,Potato,61104,9564.0,6.6325,"Especias, Tubérculos y Hortalizas"
2002,Chhattisgarh,Onion,34830,4145.0,8.068,"Especias, Tubérculos y Hortalizas"
2002,Chhattisgarh,Ginger,1266,1382.0,1.057333333,"Especias, Tubérculos y Hortalizas"
2002,Chhattisgarh,Garlic,2288,816.0,2.982142857,"Especias, Tubérculos y Hortalizas"
2002,Chhattisgarh,Dry chillies,5687,6450.0,0.856875,"Especias, Tubérculos y Hortalizas"
2009,Chhattisgarh,Bajra,38728,537.0,74.30307692,Cereales y Granos
2002,Chhattisgarh,Coriander,969,3755.0,0.244285714,"Especias, Tubérculos y Hortalizas"
2009,Chhattisgarh,Coriander,858,3146.0,0.227222222,"Especias, Tubérculos y Hortalizas"
2009,Chhattisgarh,Cotton(lint),0,18.0,0.0,Fibras 
2002,Chhattisgarh,Bajra,10088,256.0,37.202,Cereales y Granos
2004,Chhattisgarh,Dry chillies,3601,6511.0,0.53375,"Especias, Tubérculos y Hortalizas"
2004,Chhattisgarh,Garlic,2309,860.0,2.91,"Especias, Tubérculos y Hortalizas"
2004,Chhattisgarh,Ginger,1318,1330.0,1.12375,"Especias, Tubérculos y Hortalizas"
2004,Chhattisgarh,Onion,27002,4472.0,6.1025,"Especias, Tubérculos y Hortalizas"
2004,Chhattisgarh,Potato,59892,10638.0,5.89625,"Especias, Tubérculos y Hortalizas"
2004,Chhattisgarh,Sannhamp,528,1673.0,0.303125,Cereales y Granos
2009,Chhattisgarh,Dry chillies,4251,6084.0,0.645,"Especias, Tubérculos y Hortalizas"
2009,Chhattisgarh,Garlic,2519,990.0,2.681428571,"Especias, Tubérculos y Hortalizas"
2004,Chhattisgarh,Sugarcane,16450,6770.0,2.764,Cultivos Industriales
2004,Chhattisgarh,Sweet potato,14673,2707.0,5.37875,"Especias, Tubérculos y Hortalizas"
2001,Chhattisgarh,Turmeric,591,649.0,1.075333333,"Especias, Tubérculos y Hortalizas"
2001,Chhattisgarh,Tobacco,22,40.0,0.6075,Cultivos Industriales
2009,Chhattisgarh,Ginger,1780,1780.0,0.828,"Especias, Tubérculos y Hortalizas"
2004,Chhattisgarh,Coriander,1011,4087.0,0.2475,"Especias, Tubérculos y Hortalizas"
2008,Chhattisgarh,Ginger,2107,1857.0,1.2475,"Especias, Tubérculos y Hortalizas"
2008,Chhattisgarh,Dry chillies,3190,6013.0,0.508333333,"Especias, Tubérculos y Hortalizas"
2007,Chhattisgarh,Coriander,891,3184.0,0.305,"Especias, Tubérculos y Hortalizas"
2007,Chhattisgarh,Bajra,19071,520.0,38.48533333,Cereales y Granos
2000,Chhattisgarh,Turmeric,642,635.0,1.060666667,"Especias, Tubérculos y Hortalizas"
2000,Chhattisgarh,Tobacco,20,42.0,0.346666667,Cultivos Industriales
2000,Chhattisgarh,Sweet potato,16869,2870.0,5.77875,"Especias, Tubérculos y Hortalizas"
2000,Chhattisgarh,Sugarcane,8628,3317.0,2.739333333,Cultivos Industriales
2000,Chhattisgarh,Sannhamp,502,1788.0,0.290625,Cereales y Granos
2000,Chhattisgarh,Potato,66090,9092.0,7.36625,"Especias, Tubérculos y Hortalizas"
2000,Chhattisgarh,Onion,26533,3362.0,7.798,"Especias, Tubérculos y Hortalizas"
2009,Chhattisgarh,Sannhamp,487,1532.0,0.275294118,Cereales y Granos
2009,Chhattisgarh,Sugarcane,35356,6788.0,3.389375,Cultivos Industriales
2009,Chhattisgarh,Sweet potato,15042,2793.0,5.366470588,"Especias, Tubérculos y Hortalizas"
2006,Chhattisgarh,Onion,23106,4484.0,6.496470588,"Especias, Tubérculos y Hortalizas"
2000,Chhattisgarh,Ginger,1539,1652.0,1.069166667,"Especias, Tubérculos y Hortalizas"
2000,Chhattisgarh,Garlic,2035,708.0,2.946923077,"Especias, Tubérculos y Hortalizas"
2000,Chhattisgarh,Dry chillies,1380,5434.0,0.250625,"Especias, Tubérculos y Hortalizas"
2000,Chhattisgarh,Coriander,892,3415.0,0.256,"Especias, Tubérculos y Hortalizas"
2000,Chhattisgarh,Bajra,8187,201.0,38.278,Cereales y Granos
2006,Chhattisgarh,Sannhamp,518,1571.0,0.321764706,Cereales y Granos
2006,Chhattisgarh,Sugarcane,20316,7991.0,2.463125,Cultivos Industriales
2006,Chhattisgarh,Sweet potato,15607,2683.0,5.116666667,"Especias, Tubérculos y Hortalizas"
2006,Chhattisgarh,Tobacco,16,16.0,1.0,Cultivos Industriales
2006,Chhattisgarh,Turmeric,743,879.0,0.792222222,"Especias, Tubérculos y Hortalizas"
2009,Chhattisgarh,Tobacco,11,22.0,0.39,Cultivos Industriales
2009,Chhattisgarh,Turmeric,766,906.0,0.757333333,"Especias, Tubérculos y Hortalizas"
2008,Chhattisgarh,Garlic,2372,941.0,2.917692308,"Especias, Tubérculos y Hortalizas"
2007,Chhattisgarh,Garlic,2530,901.0,3.006666667,"Especias, Tubérculos y Hortalizas"
2007,Chhattisgarh,Dry chillies,4205,6028.0,0.687222222,"Especias, Tubérculos y Hortalizas"
2007,Chhattisgarh,Onion,20891,4372.0,5.119411765,"Especias, Tubérculos y Hortalizas"
2008,Chhattisgarh,Coriander,865,3035.0,0.580588235,"Especias, Tubérculos y Hortalizas"
2008,Chhattisgarh,Bajra,10811,308.0,33.81733333,Cereales y Granos
2005,Chhattisgarh,Bajra,19037,493.0,37.39071429,Cereales y Granos
2005,Chhattisgarh,Coriander,1110,4008.0,0.258,"Especias, Tubérculos y Hortalizas"
2005,Chhattisgarh,Dry chillies,1666,6389.0,0.255625,"Especias, Tubérculos y Hortalizas"
2005,Chhattisgarh,Garlic,2518,899.0,2.986428571,"Especias, Tubérculos y Hortalizas"
2005,Chhattisgarh,Ginger,1582,1727.0,1.026875,"Especias, Tubérculos y Hortalizas"
2005,Chhattisgarh,Onion,25491,4534.0,5.413333333,"Especias, Tubérculos y Hortalizas"
2005,Chhattisgarh,Potato,48548,10614.0,4.965,"Especias, Tubérculos y Hortalizas"
2005,Chhattisgarh,Sannhamp,530,1652.0,0.326666667,Cereales y Granos
2005,Chhattisgarh,Sugarcane,18562,7422.0,2.86125,Cultivos Industriales
2005,Chhattisgarh,Sweet potato,15487,2700.0,5.54375,"Especias, Tubérculos y Hortalizas"
2005,Chhattisgarh,Tobacco,15,29.0,0.525,Cultivos Industriales
2005,Chhattisgarh,Turmeric,683,772.0,1.034285714,"Especias, Tubérculos y Hortalizas"
2004,Chhattisgarh,Bajra,9682,244.0,37.77538462,Cereales y Granos
2006,Chhattisgarh,Bajra,12394,307.0,33.11285714,Cereales y Granos
2006,Chhattisgarh,Coriander,1014,3629.0,0.250555556,"Especias, Tubérculos y Hortalizas"
2006,Chhattisgarh,Dry chillies,2135,6246.0,0.319444444,"Especias, Tubérculos y Hortalizas"
2006,Chhattisgarh,Garlic,2626,896.0,3.061666667,"Especias, Tubérculos y Hortalizas"
2006,Chhattisgarh,Ginger,2089,1888.0,1.158125,"Especias, Tubérculos y Hortalizas"
2007,Chhattisgarh,Turmeric,846,918.0,1.045,"Especias, Tubérculos y Hortalizas"
2007,Chhattisgarh,Tobacco,11,19.0,0.823333333,Cultivos Industriales
2007,Chhattisgarh,Sweet potato,15681,2671.0,5.865,"Especias, Tubérculos y Hortalizas"
2007,Chhattisgarh,Sugarcane,27254,10966.0,3.015,Cultivos Industriales
2007,Chhattisgarh,Sannhamp,536,1605.0,0.306470588,Cereales y Granos
2007,Chhattisgarh,Ginger,2037,1836.0,1.184705882,"Especias, Tubérculos y Hortalizas"
1998,Delhi,Sugarcane,300,5.0,60.0,Cultivos Industriales
2003,Delhi,Sugarcane,293,4.0,73.25,Cultivos Industriales
2003,Delhi,Potato,306,62.0,4.94,"Especias, Tubérculos y Hortalizas"
1998,Delhi,Potato,1048,142.0,7.38,"Especias, Tubérculos y Hortalizas"
1999,Delhi,Potato,1155,157.0,7.36,"Especias, Tubérculos y Hortalizas"
2004,Delhi,Sugarcane,301,4.0,75.25,Cultivos Industriales
2008,Delhi,Potato,1325,79.0,16.77,"Especias, Tubérculos y Hortalizas"
2009,Delhi,Sugarcane,226,3.0,75.33,Cultivos Industriales
2009,Delhi,Potato,21999,88.0,249.99,"Especias, Tubérculos y Hortalizas"
2008,Delhi,Sugarcane,226,3.0,75.33,Cultivos Industriales
2005,Delhi,Potato,841,53.0,15.87,"Especias, Tubérculos y Hortalizas"
2007,Delhi,Sugarcane,276,3.0,92.0,Cultivos Industriales
2007,Delhi,Potato,888,56.0,15.86,"Especias, Tubérculos y Hortalizas"
2006,Delhi,Potato,873,55.0,15.87,"Especias, Tubérculos y Hortalizas"
2005,Delhi,Sugarcane,225,4.0,56.25,Cultivos Industriales
2002,Delhi,Potato,446,61.0,7.31,"Especias, Tubérculos y Hortalizas"
2001,Delhi,Sugarcane,200,3.0,66.67,Cultivos Industriales
2001,Delhi,Potato,461,63.0,7.32,"Especias, Tubérculos y Hortalizas"
2000,Delhi,Sugarcane,200,5.0,40.0,Cultivos Industriales
2000,Delhi,Potato,45950,2487.0,18.48,"Especias, Tubérculos y Hortalizas"
1999,Delhi,Sugarcane,200,4.0,50.0,Cultivos Industriales
2002,Delhi,Sugarcane,340,5.0,68.0,Cultivos Industriales
2006,Delhi,Sugarcane,301,4.0,75.25,Cultivos Industriales
1999,Goa,Sugarcane,68440,1335.0,51.27,Cultivos Industriales
2002,Goa,Coconut ,122020000,25068.0,4867.56,Frutales
2002,Goa,Black pepper,103,583.0,0.18,"Especias, Tubérculos y Hortalizas"
1999,Goa,Coconut ,121580000,24975.0,4868.07,Frutales
2002,Goa,Banana,15743,2116.0,7.44,Frutales
2002,Goa,Cashewnut,23109,54373.0,0.43,Frutales
1999,Goa,Cashewnut,17274,53292.0,0.32,Frutales
2003,Goa,Black pepper,103,589.0,0.17,"Especias, Tubérculos y Hortalizas"
1999,Goa,Banana,14500,1950.0,7.44,Frutales
1999,Goa,Arecanut,1880,1550.0,1.21,Frutales
2003,Goa,Arecanut,2650,1600.0,1.66,Frutales
2003,Goa,Banana,16900,2179.0,7.76,Frutales
2002,Goa,Sugarcane,65470,1188.0,55.11,Cultivos Industriales
2003,Goa,Cashewnut,23233,54668.0,0.42,Frutales
2003,Goa,Coconut ,122220000,25110.0,4867.38,Frutales
2002,Goa,Arecanut,2500,1600.0,1.56,Frutales
1999,Goa,Black pepper,120,275.0,0.44,"Especias, Tubérculos y Hortalizas"
2000,Goa,Arecanut,2500,1600.0,1.56,Frutales
2009,Goa,Sugarcane,52343,893.0,50.95,Cultivos Industriales
2000,Goa,Black pepper,100,480.0,0.21,"Especias, Tubérculos y Hortalizas"
2004,Goa,Coconut ,123520000,25160.0,4909.375,Frutales
2004,Goa,Sugarcane,60583,1210.0,52.75,Cultivos Industriales
2005,Goa,Black pepper,137,626.0,0.22,"Especias, Tubérculos y Hortalizas"
2005,Goa,Cashewnut,27070,55021.0,0.49,Frutales
2005,Goa,Coconut ,125340000,25312.0,4951.73,Frutales
2005,Goa,Sugarcane,55867,1110.0,53.16,Cultivos Industriales
2007,Goa,Sugarcane,56027,1034.0,57.615,Cultivos Industriales
2007,Goa,Coconut ,127570000,25545.0,4993.77,Frutales
2007,Goa,Cashewnut,21942,55612.0,0.41,Frutales
2000,Goa,Banana,14745,2000.0,7.37,Frutales
2007,Goa,Black pepper,208,666.0,0.31,"Especias, Tubérculos y Hortalizas"
2001,Goa,Sugarcane,70565,1205.0,58.56,Cultivos Industriales
2001,Goa,Coconut ,125120000,25025.0,4999.8,Frutales
2001,Goa,Cashewnut,22976,54060.0,0.43,Frutales
2001,Goa,Black pepper,100,573.0,0.17,"Especias, Tubérculos y Hortalizas"
2001,Goa,Banana,15482,2100.0,7.37,Frutales
2001,Goa,Arecanut,2500,1600.0,1.56,Frutales
2006,Goa,Black pepper,169,648.0,0.26,"Especias, Tubérculos y Hortalizas"
2006,Goa,Cashewnut,24380,55302.0,0.44,Frutales
2004,Goa,Cashewnut,25556,54858.0,0.465,Frutales
2006,Goa,Coconut ,126680000,25468.0,4974.045,Frutales
2004,Goa,Black pepper,98,589.0,0.165,"Especias, Tubérculos y Hortalizas"
2008,Goa,Sugarcane,49253,1021.0,49.52,Cultivos Industriales
1997,Goa,Ragi,2476,2800.0,0.87,Cereales y Granos
2000,Goa,Cashewnut,21335,53767.0,0.4,Frutales
2000,Goa,Coconut ,125120000,25025.0,4999.8,Frutales
2000,Goa,Sugarcane,72750,1250.0,58.2,Cultivos Industriales
2003,Goa,Sugarcane,57607,1210.0,47.61,Cultivos Industriales
1998,Goa,Arecanut,1820,1500.0,1.21,Frutales
1998,Goa,Banana,14400,1900.0,7.58,Frutales
1998,Goa,Black pepper,70,250.0,0.28,"Especias, Tubérculos y Hortalizas"
1998,Goa,Cashewnut,15000,52875.0,0.28,Frutales
1998,Goa,Coconut ,121000000,24858.0,4867.65,Frutales
2006,Goa,Sugarcane,58279,1120.0,55.455,Cultivos Industriales
1998,Goa,Sugarcane,64000,1320.0,48.48,Cultivos Industriales
1998,Gujarat,Tobacco,184700,103700.0,1.80125,Cultivos Industriales
2006,Gujarat,Garlic,211300,32000.0,5.95,"Especias, Tubérculos y Hortalizas"
2006,Gujarat,Dry chillies,6400,6900.0,0.948421053,"Especias, Tubérculos y Hortalizas"
2006,Gujarat,Banana,1891800,26600.0,57.65846154,Frutales
1999,Gujarat,Onion,450700,19900.0,24.14705882,"Especias, Tubérculos y Hortalizas"
1998,Gujarat,Onion,1462100,52200.0,30.61888889,"Especias, Tubérculos y Hortalizas"
1999,Gujarat,Garlic,44700,8800.0,4.888,"Especias, Tubérculos y Hortalizas"
1999,Gujarat,Dry chillies,12800,14600.0,0.892105263,"Especias, Tubérculos y Hortalizas"
1999,Gujarat,Banana,1043400,16700.0,61.247,Frutales
1999,Gujarat,Tobacco,199700,110600.0,1.868571429,Cultivos Industriales
1998,Gujarat,Oilseeds total,3845031,2902856.0,1.342105263,Oleaginosas
1998,Gujarat,Garlic,198500,28300.0,6.504,"Especias, Tubérculos y Hortalizas"
1998,Gujarat,Dry chillies,18600,18100.0,1.004444444,"Especias, Tubérculos y Hortalizas"
2005,Gujarat,Banana,2101700,30700.0,66.87090909,Frutales
2005,Gujarat,Dry chillies,6800,7500.0,0.943,"Especias, Tubérculos y Hortalizas"
2005,Gujarat,Garlic,263300,36100.0,6.748125,"Especias, Tubérculos y Hortalizas"
2005,Gujarat,Onion,2057500,73300.0,29.175,"Especias, Tubérculos y Hortalizas"
2005,Gujarat,Potato,1238300,44600.0,26.46181818,"Especias, Tubérculos y Hortalizas"
2005,Gujarat,Sugarcane,17786000,213200.0,75.31714286,Cultivos Industriales
2005,Gujarat,Tobacco,101500,65100.0,1.41,Cultivos Industriales
1998,Gujarat,Sugarcane,13565000,196300.0,70.090625,Cultivos Industriales
2000,Gujarat,Tobacco,148500,87800.0,1.51375,Cultivos Industriales
2000,Gujarat,Sugarcane,12689000,177700.0,67.18071429,Cultivos Industriales
2000,Gujarat,Potato,716100,32800.0,21.33555556,"Especias, Tubérculos y Hortalizas"
2000,Gujarat,Onion,130400,6400.0,19.14875,"Especias, Tubérculos y Hortalizas"
1998,Gujarat,Banana,1204800,18400.0,63.259,Frutales
2000,Gujarat,Banana,1277100,22800.0,53.03111111,Frutales
2000,Gujarat,Dry chillies,10500,13900.0,0.853333333,"Especias, Tubérculos y Hortalizas"
2000,Gujarat,Garlic,12500,2500.0,4.431111111,"Especias, Tubérculos y Hortalizas"
2000,Gujarat,Guar seed,59900,275200.0,0.213076923,Cultivos Industriales
2005,Gujarat,Guar seed,108100,188100.0,0.618181818,Cultivos Industriales
1998,Gujarat,Potato,712900,31600.0,22.369,"Especias, Tubérculos y Hortalizas"
1999,Gujarat,Potato,687900,31300.0,20.62111111,"Especias, Tubérculos y Hortalizas"
2004,Gujarat,Tobacco,113900,71300.0,1.625714286,Cultivos Industriales
2001,Gujarat,Potato,802000,32300.0,22.995,"Especias, Tubérculos y Hortalizas"
2001,Gujarat,Sugarcane,12458000,175800.0,62.97384615,Cultivos Industriales
2001,Gujarat,Tobacco,145300,85500.0,1.545714286,Cultivos Industriales
2002,Gujarat,Dry chillies,10500,12100.0,0.831875,"Especias, Tubérculos y Hortalizas"
2002,Gujarat,Garlic,46200,8500.0,5.413076923,"Especias, Tubérculos y Hortalizas"
2002,Gujarat,Guar seed,55700,179600.0,0.371,Cultivos Industriales
2002,Gujarat,Onion,715400,25000.0,28.60875,"Especias, Tubérculos y Hortalizas"
2002,Gujarat,Potato,779700,35800.0,20.24333333,"Especias, Tubérculos y Hortalizas"
2002,Gujarat,Sugarcane,14069000,202900.0,67.23714286,Cultivos Industriales
2002,Gujarat,Tobacco,114600,66400.0,1.61,Cultivos Industriales
2006,Gujarat,Guar seed,82800,204700.0,0.445454545,Cultivos Industriales
2003,Gujarat,Banana,2027400,28200.0,65.116,Frutales
2003,Gujarat,Dry chillies,8400,9100.0,0.874,"Especias, Tubérculos y Hortalizas"
2003,Gujarat,Garlic,189800,27100.0,6.95,"Especias, Tubérculos y Hortalizas"
2003,Gujarat,Guar seed,203800,266000.0,0.798,Cultivos Industriales
2003,Gujarat,Onion,1474600,49100.0,31.65611111,"Especias, Tubérculos y Hortalizas"
2003,Gujarat,Potato,738300,31000.0,22.146,"Especias, Tubérculos y Hortalizas"
2003,Gujarat,Sugarcane,12669000,176200.0,71.59666667,Cultivos Industriales
2003,Gujarat,Tobacco,124800,68200.0,1.79,Cultivos Industriales
2001,Gujarat,Onion,638700,24200.0,29.52625,"Especias, Tubérculos y Hortalizas"
1997,Gujarat,Tobacco,183900,111000.0,1.6025,Cultivos Industriales
2001,Gujarat,Guar seed,111400,264200.0,0.47,Cultivos Industriales
2001,Gujarat,Dry chillies,12100,13600.0,0.890526316,"Especias, Tubérculos y Hortalizas"
2004,Gujarat,Sugarcane,14558000,196600.0,71.64636364,Cultivos Industriales
2004,Gujarat,Potato,1086400,39300.0,26.09666667,"Especias, Tubérculos y Hortalizas"
2004,Gujarat,Onion,1221300,44000.0,28.47894737,"Especias, Tubérculos y Hortalizas"
2004,Gujarat,Guar seed,157100,214400.0,0.803636364,Cultivos Industriales
2004,Gujarat,Garlic,157700,25900.0,4.966428571,"Especias, Tubérculos y Hortalizas"
2004,Gujarat,Dry chillies,5700,6400.0,0.81,"Especias, Tubérculos y Hortalizas"
1997,Gujarat,Sugarcane,11832000,165000.0,72.99533333,Cultivos Industriales
1997,Gujarat,Sesamum,177000,295600.0,0.635294118,Oleaginosas
1997,Gujarat,Rice,1042300,672600.0,1.665,Cereales y Granos
1997,Gujarat,Ragi,17900,18900.0,0.96,Cereales y Granos
1997,Gujarat,Potato,623900,28500.0,21.167,"Especias, Tubérculos y Hortalizas"
1997,Gujarat,Onion,615900,20900.0,30.12733333,"Especias, Tubérculos y Hortalizas"
1997,Gujarat,Maize,659000,399800.0,1.690666667,Cereales y Granos
1997,Gujarat,Garlic,133900,20200.0,6.340909091,"Especias, Tubérculos y Hortalizas"
2004,Gujarat,Banana,1931400,32200.0,59.4,Frutales
1997,Gujarat,Cotton(lint),3180200,1518900.0,2.254117647,Fibras 
1997,Gujarat,Castor seed,660500,337000.0,2.29625,Oleaginosas
1997,Gujarat,Banana,1108400,19300.0,55.276,Frutales
2001,Gujarat,Banana,1473800,24400.0,61.91875,Frutales
2001,Gujarat,Garlic,57200,9300.0,5.978333333,"Especias, Tubérculos y Hortalizas"
2006,Gujarat,Onion,1051800,43300.0,21.8045,"Especias, Tubérculos y Hortalizas"
1999,Gujarat,Sugarcane,14065000,201400.0,73.26,Cultivos Industriales
2006,Gujarat,Sugarcane,16554000,216100.0,71.79642857,Cultivos Industriales
2009,Gujarat,Garlic,93800,15300.0,5.490833333,"Especias, Tubérculos y Hortalizas"
2007,Gujarat,Sugarcane,15190000,211000.0,71.189375,Cultivos Industriales
2007,Gujarat,Potato,1795600,72300.0,24.42333333,"Especias, Tubérculos y Hortalizas"
2007,Gujarat,Tobacco,78700,45700.0,1.613333333,Cultivos Industriales
2009,Gujarat,Guar seed,44700,132700.0,0.376363636,Cultivos Industriales
2009,Gujarat,Potato,987900,47300.0,18.8975,"Especias, Tubérculos y Hortalizas"
2006,Gujarat,Potato,1078400,51700.0,20.45727273,"Especias, Tubérculos y Hortalizas"
2009,Gujarat,Sugarcane,13304000,190300.0,66.79470588,Cultivos Industriales
2007,Gujarat,Onion,2059200,65400.0,28.88190476,"Especias, Tubérculos y Hortalizas"
2009,Gujarat,Banana,1605500,22100.0,65.11,Frutales
2007,Gujarat,Garlic,317500,44600.0,5.839411765,"Especias, Tubérculos y Hortalizas"
2007,Gujarat,Dry chillies,7900,8300.0,0.953333333,"Especias, Tubérculos y Hortalizas"
2007,Gujarat,Guar seed,129600,195800.0,0.753333333,Cultivos Industriales
2008,Gujarat,Sugarcane,15512000,221300.0,70.62176471,Cultivos Industriales
2006,Gujarat,Tobacco,98400,57000.0,1.7225,Cultivos Industriales
2008,Gujarat,Banana,2002900,28200.0,72.95916667,Frutales
2007,Gujarat,Banana,2033100,31200.0,57.96166667,Frutales
2008,Gujarat,Garlic,198800,33900.0,5.214,"Especias, Tubérculos y Hortalizas"
2008,Gujarat,Dry chillies,6700,7400.0,0.96,"Especias, Tubérculos y Hortalizas"
2008,Gujarat,Guar seed,52700,150400.0,0.506666667,Cultivos Industriales
2008,Gujarat,Potato,1171400,55800.0,20.86636364,"Especias, Tubérculos y Hortalizas"
2009,Gujarat,Dry chillies,8500,9000.0,0.970909091,"Especias, Tubérculos y Hortalizas"
2009,Haryana,Coriander,600,378.0,0.564444444,"Especias, Tubérculos y Hortalizas"
2003,Haryana,Sugarcane,9280000,160257.0,50.10277778,Cultivos Industriales
2003,Haryana,Sannhamp,100,462.0,0.056,Cereales y Granos
2003,Haryana,Potato,256900,10521.0,22.60571429,"Especias, Tubérculos y Hortalizas"
2003,Haryana,Onion,80700,3319.0,21.084,"Especias, Tubérculos y Hortalizas"
2003,Haryana,Dry chillies,1400,1342.0,1.01,"Especias, Tubérculos y Hortalizas"
2003,Haryana,Banana,0,52.0,0.0,Frutales
2003,Haryana,Sweet potato,1600,77.0,16.482,"Especias, Tubérculos y Hortalizas"
2008,Haryana,Sannhamp,100,238.0,0.146363636,Cereales y Granos
2008,Haryana,Sweet potato,1500,83.0,12.0625,"Especias, Tubérculos y Hortalizas"
2008,Haryana,Sugarcane,5242000,90941.0,49.621,Cultivos Industriales
2009,Haryana,Dry chillies,1400,908.0,0.823571429,"Especias, Tubérculos y Hortalizas"
2008,Haryana,Potato,258600,11938.0,19.08769231,"Especias, Tubérculos y Hortalizas"
2008,Haryana,Onion,37400,2492.0,178.6530769,"Especias, Tubérculos y Hortalizas"
2008,Haryana,Garlic,3100,492.0,2.916666667,"Especias, Tubérculos y Hortalizas"
2008,Haryana,Dry chillies,14500,1613.0,7.445625,"Especias, Tubérculos y Hortalizas"
2008,Haryana,Coriander,800,398.0,0.28625,"Especias, Tubérculos y Hortalizas"
2007,Haryana,Sweet potato,1200,65.0,12.7775,"Especias, Tubérculos y Hortalizas"
2007,Haryana,Sugarcane,8850000,140365.0,50.77,Cultivos Industriales
2007,Haryana,Sannhamp,100,273.0,0.070833333,Cereales y Granos
2007,Haryana,Potato,177600,9917.0,15.53166667,"Especias, Tubérculos y Hortalizas"
2008,Haryana,Turmeric,500,51.0,5.2725,"Especias, Tubérculos y Hortalizas"
2009,Haryana,Garlic,6500,735.0,6.032222222,"Especias, Tubérculos y Hortalizas"
1997,Haryana,Cotton(lint),1107000,631000.0,1.552727273,Fibras 
2009,Haryana,Potato,136400,12269.0,17.30357143,"Especias, Tubérculos y Hortalizas"
2000,Haryana,Sannhamp,100,452.0,0.136666667,Cereales y Granos
2000,Haryana,Potato,141200,9273.0,15.6075,"Especias, Tubérculos y Hortalizas"
2000,Haryana,Onion,44300,3419.0,14.924,"Especias, Tubérculos y Hortalizas"
2000,Haryana,Garlic,2300,286.0,5.085555556,"Especias, Tubérculos y Hortalizas"
2000,Haryana,Dry chillies,2100,2140.0,0.715,"Especias, Tubérculos y Hortalizas"
1998,Haryana,Dry chillies,1600,1891.0,0.728888889,"Especias, Tubérculos y Hortalizas"
1998,Haryana,Onion,59700,4707.0,13.94882353,"Especias, Tubérculos y Hortalizas"
1998,Haryana,Potato,212700,13467.0,14.64631579,"Especias, Tubérculos y Hortalizas"
1998,Haryana,Sannhamp,200,797.0,0.065833333,Cereales y Granos
1998,Haryana,Sugarcane,7010000,128074.0,51.58421053,Cultivos Industriales
1998,Haryana,Sweet potato,1500,88.0,14.696,"Especias, Tubérculos y Hortalizas"
1999,Haryana,Sugarcane,7640000,136696.0,44.50210526,Cultivos Industriales
1999,Haryana,Potato,199800,12659.0,21.46470588,"Especias, Tubérculos y Hortalizas"
1999,Haryana,Onion,36800,2669.0,12.858,"Especias, Tubérculos y Hortalizas"
1999,Haryana,Dry chillies,2600,2619.0,0.688888889,"Especias, Tubérculos y Hortalizas"
2000,Haryana,Sugarcane,8170000,143030.0,49.43,Cultivos Industriales
2009,Haryana,Onion,31300,1535.0,19.35785714,"Especias, Tubérculos y Hortalizas"
2000,Haryana,Sweet potato,2500,120.0,19.48,"Especias, Tubérculos y Hortalizas"
2001,Haryana,Dry chillies,2200,1933.0,0.806111111,"Especias, Tubérculos y Hortalizas"
2009,Haryana,Sugarcane,4078900,79171.0,47.4235,Cultivos Industriales
2009,Haryana,Sweet potato,1100,59.0,13.7,"Especias, Tubérculos y Hortalizas"
2007,Haryana,Onion,63700,3193.0,18.20733333,"Especias, Tubérculos y Hortalizas"
1997,Haryana,Sugarcane,7500000,141000.0,50.3125,Cultivos Industriales
2002,Haryana,Sweet potato,900,47.0,13.98166667,"Especias, Tubérculos y Hortalizas"
2002,Haryana,Sugarcane,10650000,189010.0,48.52888889,Cultivos Industriales
2002,Haryana,Sannhamp,100,516.0,0.04,Cereales y Granos
2002,Haryana,Potato,291900,10328.0,33.775,"Especias, Tubérculos y Hortalizas"
2002,Haryana,Onion,36000,1609.0,19.29692308,"Especias, Tubérculos y Hortalizas"
2001,Haryana,Sweet potato,0,89.0,0.0,"Especias, Tubérculos y Hortalizas"
2001,Haryana,Sugarcane,9270000,161184.0,47.62210526,Cultivos Industriales
2001,Haryana,Sannhamp,700,1895.0,0.117,Cereales y Granos
2001,Haryana,Potato,203100,9616.0,19.08055556,"Especias, Tubérculos y Hortalizas"
2001,Haryana,Onion,46600,3554.0,13.56916667,"Especias, Tubérculos y Hortalizas"
2001,Haryana,Garlic,2800,349.0,5.467142857,"Especias, Tubérculos y Hortalizas"
2000,Haryana,Turmeric,0,214.0,0.0,"Especias, Tubérculos y Hortalizas"
2007,Haryana,Garlic,3700,586.0,5.104,"Especias, Tubérculos y Hortalizas"
2002,Haryana,Banana,0,154.0,0.0,Frutales
2004,Haryana,Garlic,2900,357.0,6.101428571,"Especias, Tubérculos y Hortalizas"
2005,Haryana,Onion,92700,4044.0,18.03076923,"Especias, Tubérculos y Hortalizas"
2005,Haryana,Potato,312500,12597.0,21.80066667,"Especias, Tubérculos y Hortalizas"
2005,Haryana,Sannhamp,100,440.0,0.070909091,Cereales y Granos
2005,Haryana,Sugarcane,8310000,129223.0,49.81526316,Cultivos Industriales
2005,Haryana,Dry chillies,1300,1548.0,0.612666667,"Especias, Tubérculos y Hortalizas"
2005,Haryana,Sweet potato,2400,127.0,15.14333333,"Especias, Tubérculos y Hortalizas"
2007,Haryana,Dry chillies,13800,1321.0,8.716428571,"Especias, Tubérculos y Hortalizas"
2006,Haryana,Potato,319900,12826.0,21.90714286,"Especias, Tubérculos y Hortalizas"
2006,Haryana,Onion,49700,2543.0,18.98352941,"Especias, Tubérculos y Hortalizas"
2006,Haryana,Dry chillies,1200,1467.0,0.505625,"Especias, Tubérculos y Hortalizas"
2006,Haryana,Garlic,7500,415.0,8.9425,"Especias, Tubérculos y Hortalizas"
2006,Haryana,Sweet potato,400,19.0,12.6975,"Especias, Tubérculos y Hortalizas"
2006,Haryana,Sugarcane,9651000,140563.0,56.0355,Cultivos Industriales
2006,Haryana,Sannhamp,200,620.0,0.135454545,Cereales y Granos
2004,Haryana,Onion,68400,2823.0,20.795,"Especias, Tubérculos y Hortalizas"
2004,Haryana,Potato,269100,10832.0,23.1075,"Especias, Tubérculos y Hortalizas"
2004,Haryana,Sannhamp,100,465.0,0.08125,Cereales y Granos
2004,Haryana,Sugarcane,8230000,133042.0,49.24888889,Cultivos Industriales
2004,Haryana,Sweet potato,1500,75.0,18.602,"Especias, Tubérculos y Hortalizas"
2004,Haryana,Dry chillies,9600,1280.0,6.323333333,"Especias, Tubérculos y Hortalizas"
2006,Himachal Pradesh,Sugarcane,59184,3019.0,13.465,Cultivos Industriales
2004,Himachal Pradesh,Potato,147874,14808.0,10.27166667,"Especias, Tubérculos y Hortalizas"
2005,Himachal Pradesh,Potato,95900,14012.0,6.635833333,"Especias, Tubérculos y Hortalizas"
2005,Himachal Pradesh,Sugarcane,25094,2589.0,6.542857143,Cultivos Industriales
1998,Himachal Pradesh,Cotton(lint),30,57.0,0.548333333,Fibras 
2009,Himachal Pradesh,Sugarcane,44306,2124.0,16.11857143,Cultivos Industriales
2003,Himachal Pradesh,Potato,173169,15036.0,11.48666667,"Especias, Tubérculos y Hortalizas"
2006,Himachal Pradesh,Potato,126701,12687.0,10.05416667,"Especias, Tubérculos y Hortalizas"
2002,Himachal Pradesh,Turmeric,65,125.0,0.418571429,"Especias, Tubérculos y Hortalizas"
2002,Himachal Pradesh,Dry chillies,87,837.0,0.207,"Especias, Tubérculos y Hortalizas"
2002,Himachal Pradesh,Sugarcane,4649,2926.0,1.887142857,Cultivos Industriales
2001,Himachal Pradesh,Turmeric,74,127.0,0.59625,"Especias, Tubérculos y Hortalizas"
2001,Himachal Pradesh,Tobacco,26,23.0,1.05,Cultivos Industriales
2001,Himachal Pradesh,Sweet potato,0,102.0,0.0,"Especias, Tubérculos y Hortalizas"
2001,Himachal Pradesh,Sugarcane,11219,2635.0,4.411428571,Cultivos Industriales
2001,Himachal Pradesh,Sannhamp,38,38.0,1.0,Cereales y Granos
2001,Himachal Pradesh,Potato,75614,8480.0,8.677272727,"Especias, Tubérculos y Hortalizas"
2001,Himachal Pradesh,Onion,11045,1112.0,8.397777778,"Especias, Tubérculos y Hortalizas"
2001,Himachal Pradesh,Garlic,1719,1597.0,1.018,"Especias, Tubérculos y Hortalizas"
2001,Himachal Pradesh,Dry chillies,195,1024.0,0.219,"Especias, Tubérculos y Hortalizas"
2001,Himachal Pradesh,Coriander,105,308.0,1.35125,"Especias, Tubérculos y Hortalizas"
2002,Himachal Pradesh,Coriander,84,263.0,0.27625,"Especias, Tubérculos y Hortalizas"
1998,Himachal Pradesh,Dry chillies,224,1007.0,0.205,"Especias, Tubérculos y Hortalizas"
2002,Himachal Pradesh,Garlic,2379,3180.0,0.64,"Especias, Tubérculos y Hortalizas"
2002,Himachal Pradesh,Onion,4541,807.0,5.328,"Especias, Tubérculos y Hortalizas"
2002,Himachal Pradesh,Potato,136033,13941.0,10.06,"Especias, Tubérculos y Hortalizas"
2002,Himachal Pradesh,Tobacco,38,32.0,1.58,Cultivos Industriales
1998,Himachal Pradesh,Garlic,700,663.0,1.087272727,"Especias, Tubérculos y Hortalizas"
2000,Himachal Pradesh,Sugarcane,7854,2817.0,2.665714286,Cultivos Industriales
1998,Himachal Pradesh,Tobacco,20,59.0,0.63,Cultivos Industriales
1998,Himachal Pradesh,Turmeric,59,84.0,0.67,"Especias, Tubérculos y Hortalizas"
1999,Himachal Pradesh,Dry chillies,276,859.0,0.311111111,"Especias, Tubérculos y Hortalizas"
1999,Himachal Pradesh,Potato,5395,627.0,5.58,"Especias, Tubérculos y Hortalizas"
1999,Himachal Pradesh,Sugarcane,15470,3005.0,5.206666667,Cultivos Industriales
1998,Himachal Pradesh,Ginger,2631,1822.0,1.19,"Especias, Tubérculos y Hortalizas"
2003,Jammu and Kashmir,Sannhamp,59,123.0,0.404,Cereales y Granos
2003,Jammu and Kashmir,Onion,1136,631.0,1.967142857,"Especias, Tubérculos y Hortalizas"
2002,Jammu and Kashmir,other oilseeds,16,36.0,0.465,Oleaginosas
2002,Jammu and Kashmir,Tobacco,5,18.0,0.21,Cultivos Industriales
2002,Jammu and Kashmir,Sugarcane,475,117.0,2.65,Cultivos Industriales
2002,Jammu and Kashmir,Potato,18011,1737.0,9.146666667,"Especias, Tubérculos y Hortalizas"
2002,Jammu and Kashmir,Onion,1107,495.0,1.975714286,"Especias, Tubérculos y Hortalizas"
2001,Jammu and Kashmir,Tobacco,13,37.0,0.416666667,Cultivos Industriales
2001,Jammu and Kashmir,Sugarcane,436,132.0,2.5825,Cultivos Industriales
2001,Jammu and Kashmir,Onion,1159,518.0,1.86,"Especias, Tubérculos y Hortalizas"
2001,Jammu and Kashmir,Potato,19616,1835.0,10.07090909,"Especias, Tubérculos y Hortalizas"
2003,Jammu and Kashmir,Sugarcane,567,154.0,3.023333333,Cultivos Industriales
2000,Jammu and Kashmir,Turmeric,11,11.0,1.0,"Especias, Tubérculos y Hortalizas"
2000,Jammu and Kashmir,Tobacco,12,99.0,0.12,Cultivos Industriales
2000,Jammu and Kashmir,Sugarcane,417,126.0,2.6275,Cultivos Industriales
2000,Jammu and Kashmir,Sannhamp,136,275.0,0.494,Cereales y Granos
2000,Jammu and Kashmir,Onion,805,365.0,2.285,"Especias, Tubérculos y Hortalizas"
2000,Jammu and Kashmir,Garlic,165,201.0,0.88,"Especias, Tubérculos y Hortalizas"
1999,Jammu and Kashmir,Sugarcane,143,143.0,1.1125,Cultivos Industriales
2000,Jammu and Kashmir,Dry chillies,1020,1000.0,0.92,"Especias, Tubérculos y Hortalizas"
2001,Jammu and Kashmir,Sannhamp,134,271.0,0.49,Cereales y Granos
2003,Jammu and Kashmir,Tobacco,1,7.0,0.133333333,Cultivos Industriales
2003,Jammu and Kashmir,Potato,17886,1614.0,10.385,"Especias, Tubérculos y Hortalizas"
2009,Jharkhand,Sugarcane,38926,894.0,41.7825,Cultivos Industriales
2007,Jharkhand,Sugarcane,40610,966.83,42.17714286,Cultivos Industriales
2003,Jharkhand,Sugarcane,966,338.45,2.85,Cultivos Industriales
2004,Jharkhand,Sugarcane,13958,542.97,25.71,Cultivos Industriales
2003,Jharkhand,Onion,9198,1137.98,9.12,"Especias, Tubérculos y Hortalizas"
2005,Jharkhand,Sugarcane,538,130.68,4.12,Cultivos Industriales
2006,Jharkhand,Sugarcane,26102,587.89,38.04833333,Cultivos Industriales
2008,Jharkhand,Sugarcane,18446,729.31,27.25142857,Cultivos Industriales
2004,Karnataka,Garlic,3584,5202.0,1.360625,"Especias, Tubérculos y Hortalizas"
2006,Karnataka,Sweet potato,25028,3014.0,6.240714286,"Especias, Tubérculos y Hortalizas"
2006,Karnataka,Tapioca,6869,815.0,9.43375,Cereales y Granos
2006,Karnataka,Tobacco,46318,104030.0,0.471875,Cultivos Industriales
2006,Karnataka,Turmeric,37752,7477.0,4.7735,"Especias, Tubérculos y Hortalizas"
1998,Karnataka,Potato,3910,268.0,14.59,"Especias, Tubérculos y Hortalizas"
1998,Karnataka,Turmeric,25386,5007.0,4.682380952,"Especias, Tubérculos y Hortalizas"
2004,Karnataka,Arecanut,203646,152759.0,1.297272727,Frutales
2004,Karnataka,Banana,526898,41977.0,16.32777778,Frutales
1998,Karnataka,Arecanut,648365,98047.0,6.232,Frutales
2004,Karnataka,Black pepper,27517,12344.0,2.26,"Especias, Tubérculos y Hortalizas"
1998,Karnataka,Black pepper,10342,4387.0,2.238,"Especias, Tubérculos y Hortalizas"
2007,Karnataka,Arecanut,1114484,174404.0,6.211428571,Frutales
1998,Karnataka,Cardamom,1153,20218.0,0.06,"Especias, Tubérculos y Hortalizas"
1998,Karnataka,Coconut ,1611530000,310399.0,4692.261111,Frutales
2009,Karnataka,Sannhamp,70,282.0,0.163333333,Cereales y Granos
2009,Karnataka,Sugarcane,32285023,336521.0,94.28791667,Cultivos Industriales
2009,Karnataka,Tapioca,8161,881.0,9.647777778,Cereales y Granos
2009,Karnataka,Tobacco,90957,118168.0,0.799411765,Cultivos Industriales
2009,Karnataka,Turmeric,89932,17873.0,4.762941176,"Especias, Tubérculos y Hortalizas"
1997,Karnataka,Arecanut,133342,93100.0,1.293571429,Frutales
2007,Karnataka,Banana,922999,52191.0,19.55793103,Frutales
1997,Karnataka,Cardamom,1214,21230.0,0.058571429,"Especias, Tubérculos y Hortalizas"
1997,Karnataka,Garlic,3799,5061.0,1.585,"Especias, Tubérculos y Hortalizas"
1997,Karnataka,Sugarcane,28999269,308857.0,91.74736842,Cultivos Industriales
1997,Karnataka,Turmeric,24108,4342.0,4.452941176,"Especias, Tubérculos y Hortalizas"
1998,Karnataka,Garlic,3034,3574.0,1.459411765,"Especias, Tubérculos y Hortalizas"
1998,Karnataka,Dry chillies,146498,170319.0,1.123703704,"Especias, Tubérculos y Hortalizas"
1998,Karnataka,Coriander,2982,17935.0,0.118,"Especias, Tubérculos y Hortalizas"
1997,Karnataka,Coriander,2853,17317.0,0.121333333,"Especias, Tubérculos y Hortalizas"
2004,Karnataka,Cardamom,1105,19461.0,0.0575,"Especias, Tubérculos y Hortalizas"
2004,Karnataka,Coriander,1491,9626.0,0.119,"Especias, Tubérculos y Hortalizas"
2004,Karnataka,Dry chillies,104577,152323.0,1.084814815,"Especias, Tubérculos y Hortalizas"
2001,Karnataka,Onion,721033,125815.0,7.9108,"Especias, Tubérculos y Hortalizas"
2001,Karnataka,Dry chillies,126395,193067.0,1.082962963,"Especias, Tubérculos y Hortalizas"
2001,Karnataka,Coriander,1845,11307.0,0.116818182,"Especias, Tubérculos y Hortalizas"
2001,Karnataka,Coconut ,1503638000,369828.0,4164.951481,Frutales
2001,Karnataka,Black pepper,22185,9699.0,2.213846154,"Especias, Tubérculos y Hortalizas"
2001,Karnataka,Arecanut,182800,136065.0,1.292,Frutales
1999,Karnataka,Potato,412775,27990.0,17.287,"Especias, Tubérculos y Hortalizas"
2009,Karnataka,Mesta,1885,1300.0,1.324,Fibras 
2004,Karnataka,Turmeric,19386,4080.0,4.482857143,"Especias, Tubérculos y Hortalizas"
2004,Karnataka,Tobacco,67502,91403.0,0.75,Cultivos Industriales
2004,Karnataka,Tapioca,8428,1066.0,9.385,Cereales y Granos
2004,Karnataka,Sweet potato,29199,3583.0,6.102142857,"Especias, Tubérculos y Hortalizas"
2004,Karnataka,Sannhamp,37,147.0,0.25,Cereales y Granos
2004,Karnataka,Potato,360759,51937.0,10.17875,"Especias, Tubérculos y Hortalizas"
2004,Karnataka,Onion,841333,136038.0,7.8688,"Especias, Tubérculos y Hortalizas"
2001,Karnataka,Peas & beans (Pulses),42197,6974.0,6.209444444,Leguminosas
2004,Karnataka,Coconut ,1551729000,383206.0,4165.395185,Frutales
2001,Karnataka,Potato,473407,39156.0,12.815,"Especias, Tubérculos y Hortalizas"
2001,Karnataka,Sugarcane,33016618,406950.0,84.00269231,Cultivos Industriales
1999,Karnataka,Turmeric,29203,6704.0,4.19,"Especias, Tubérculos y Hortalizas"
1999,Karnataka,Tobacco,44519,75372.0,0.590666667,Cultivos Industriales
1999,Karnataka,Tapioca,7545,948.0,9.898333333,Cereales y Granos
1999,Karnataka,Banana,671891,29043.0,23.41576923,Frutales
1999,Karnataka,Black pepper,16012,6633.0,2.285833333,"Especias, Tubérculos y Hortalizas"
1999,Karnataka,Cardamom,1141,20049.0,0.06,"Especias, Tubérculos y Hortalizas"
1999,Karnataka,Coconut ,1671774000,321158.0,4680.495926,Frutales
1999,Karnataka,Coriander,1871,12091.0,0.136190476,"Especias, Tubérculos y Hortalizas"
1999,Karnataka,Dry chillies,156419,176092.0,1.182307692,"Especias, Tubérculos y Hortalizas"
1999,Karnataka,Garlic,3702,4991.0,1.442941176,"Especias, Tubérculos y Hortalizas"
1999,Karnataka,Onion,792305,124478.0,8.5684,"Especias, Tubérculos y Hortalizas"
1999,Karnataka,Sweet potato,21648,2833.0,6.267857143,"Especias, Tubérculos y Hortalizas"
1999,Karnataka,Sugarcane,37397876,371332.0,102.486,Cultivos Industriales
1999,Karnataka,Sannhamp,87,346.0,0.398333333,Cereales y Granos
2001,Karnataka,Turmeric,36369,7058.0,4.797272727,"Especias, Tubérculos y Hortalizas"
2001,Karnataka,Sannhamp,634,2555.0,0.238333333,Cereales y Granos
2009,Karnataka,Ginger,1411977,44837.0,31.71,"Especias, Tubérculos y Hortalizas"
2009,Karnataka,Sweet potato,15751,2397.0,6.936666667,"Especias, Tubérculos y Hortalizas"
2009,Karnataka,Cotton(lint),705079,456802.0,1.6005,Fibras 
2007,Karnataka,Tapioca,6393,774.0,9.747142857,Cereales y Granos
2007,Karnataka,Sweet potato,24141,2887.0,6.37625,"Especias, Tubérculos y Hortalizas"
2007,Karnataka,Sugarcane,26028309,307084.0,83.41653846,Cultivos Industriales
2007,Karnataka,Sannhamp,99,400.0,0.243333333,Cereales y Granos
2007,Karnataka,Mesta,2387,1861.0,1.554,Fibras 
2007,Karnataka,Ginger,303354,14780.0,19.98210526,"Especias, Tubérculos y Hortalizas"
2005,Karnataka,Turmeric,33891,6346.0,5.556363636,"Especias, Tubérculos y Hortalizas"
2005,Karnataka,Tobacco,63879,100798.0,0.646,Cultivos Industriales
2005,Karnataka,Tapioca,6993,841.0,9.59,Cereales y Granos
2005,Karnataka,Sweet potato,27360,3356.0,6.076153846,"Especias, Tubérculos y Hortalizas"
2005,Karnataka,Sugarcane,19647650,221462.0,90.63772727,Cultivos Industriales
2005,Karnataka,Sannhamp,46,205.0,0.215,Cereales y Granos
2005,Karnataka,Mesta,2662,2097.0,1.568,Fibras 
2005,Karnataka,Ginger,282411,21669.0,12.82411765,"Especias, Tubérculos y Hortalizas"
2009,Karnataka,Garlic,6603,4698.0,1.794615385,"Especias, Tubérculos y Hortalizas"
2005,Karnataka,Cotton(lint),585498,413310.0,1.503333333,Fibras 
2005,Karnataka,Coriander,1398,9163.0,0.125714286,"Especias, Tubérculos y Hortalizas"
2005,Karnataka,Coconut ,1606890000,395885.0,4165.660741,Frutales
2005,Karnataka,Cardamom,1127,19814.0,0.05875,"Especias, Tubérculos y Hortalizas"
2005,Karnataka,Black pepper,32414,14797.0,2.199230769,"Especias, Tubérculos y Hortalizas"
2005,Karnataka,Banana,517257,43562.0,15.48037037,Frutales
2000,Karnataka,Arecanut,162741,119093.0,1.2925,Frutales
2000,Karnataka,Banana,649567,35335.0,18.36037037,Frutales
2000,Karnataka,Black pepper,17586,7249.0,2.263636364,"Especias, Tubérculos y Hortalizas"
2000,Karnataka,Cardamom,1132,19881.0,0.06,"Especias, Tubérculos y Hortalizas"
2000,Karnataka,Coconut ,1762403000,335996.0,4673.661111,Frutales
2000,Karnataka,Coriander,1467,9829.0,0.119047619,"Especias, Tubérculos y Hortalizas"
2000,Karnataka,Dry chillies,151043,172918.0,1.049259259,"Especias, Tubérculos y Hortalizas"
2000,Karnataka,Garlic,4156,5949.0,1.491333333,"Especias, Tubérculos y Hortalizas"
2007,Karnataka,Tobacco,47902,113162.0,0.46,Cultivos Industriales
2008,Karnataka,Turmeric,67404,14159.0,4.191052632,"Especias, Tubérculos y Hortalizas"
2008,Karnataka,Tobacco,54936,108139.0,0.584375,Cultivos Industriales
2008,Karnataka,Tapioca,8464,872.0,9.78875,Cereales y Granos
2006,Karnataka,Arecanut,223939,168401.0,1.286666667,Frutales
2006,Karnataka,Banana,851437,42646.0,19.95814815,Frutales
2006,Karnataka,Black pepper,29025,13726.0,2.216,"Especias, Tubérculos y Hortalizas"
2006,Karnataka,Cardamom,1377,23827.0,0.0575,"Especias, Tubérculos y Hortalizas"
2006,Karnataka,Coconut ,1635839000,403671.0,4164.715926,Frutales
2006,Karnataka,Coriander,888,5998.0,0.113157895,"Especias, Tubérculos y Hortalizas"
2006,Karnataka,Cotton(lint),536329,375982.0,1.405,Fibras 
2006,Karnataka,Dry chillies,129945,132521.0,1.618888889,"Especias, Tubérculos y Hortalizas"
2006,Karnataka,Garlic,4401,6615.0,1.276666667,"Especias, Tubérculos y Hortalizas"
2006,Karnataka,Ginger,228694,17472.0,12.83352941,"Especias, Tubérculos y Hortalizas"
2006,Karnataka,Mesta,2667,1998.0,1.543333333,Fibras 
2006,Karnataka,Onion,859132,151289.0,6.4348,"Especias, Tubérculos y Hortalizas"
2006,Karnataka,Potato,561001,63374.0,12.976875,"Especias, Tubérculos y Hortalizas"
2006,Karnataka,Sannhamp,5,25.0,0.136666667,Cereales y Granos
2002,Karnataka,Turmeric,28603,6596.0,4.04952381,"Especias, Tubérculos y Hortalizas"
2006,Karnataka,Sugarcane,23641948,269440.0,90.2876,Cultivos Industriales
2008,Karnataka,Arecanut,1174591,184515.0,6.214285714,Frutales
2008,Karnataka,Banana,1059346,61001.0,20.47448276,Frutales
2008,Karnataka,Black pepper,73956,17451.0,4.133571429,"Especias, Tubérculos y Hortalizas"
2008,Karnataka,Cardamom,1992,19838.0,0.067777778,"Especias, Tubérculos y Hortalizas"
2008,Karnataka,Cashewnut,38311,62303.0,0.605,Frutales
2008,Karnataka,Coconut ,2867660000,418581.0,6801.366552,Frutales
2008,Karnataka,Coriander,4002,7415.0,0.549545455,"Especias, Tubérculos y Hortalizas"
2008,Karnataka,Cotton(lint),825071,409024.0,1.9425,Fibras 
2008,Karnataka,Garlic,12378,5625.0,2.644285714,"Especias, Tubérculos y Hortalizas"
2008,Karnataka,Ginger,811631,25475.0,31.86789474,"Especias, Tubérculos y Hortalizas"
2008,Karnataka,Mesta,1617,1146.0,1.636,Fibras 
2008,Karnataka,Sannhamp,66,266.0,0.243333333,Cereales y Granos
2008,Karnataka,Sugarcane,24266201,281100.0,85.54,Cultivos Industriales
2008,Karnataka,Sweet potato,26230,2592.0,10.14066667,"Especias, Tubérculos y Hortalizas"
2007,Karnataka,Turmeric,104980,13500.0,7.861111111,"Especias, Tubérculos y Hortalizas"
2002,Karnataka,Tobacco,59227,82350.0,0.67875,Cultivos Industriales
2005,Karnataka,Garlic,3485,4931.0,1.287333333,"Especias, Tubérculos y Hortalizas"
2002,Karnataka,Sweet potato,26917,3390.0,6.286,"Especias, Tubérculos y Hortalizas"
2003,Karnataka,Black pepper,23561,10694.0,2.220833333,"Especias, Tubérculos y Hortalizas"
2003,Karnataka,Cardamom,1106,19480.0,0.061428571,"Especias, Tubérculos y Hortalizas"
2003,Karnataka,Coconut ,1529139000,375957.0,4165.193333,Frutales
2003,Karnataka,Coriander,1187,7797.0,0.1195,"Especias, Tubérculos y Hortalizas"
2002,Karnataka,Tapioca,8470,1078.0,9.604285714,Cereales y Granos
2003,Karnataka,Garlic,2902,3970.0,1.331764706,"Especias, Tubérculos y Hortalizas"
2003,Karnataka,Onion,360469,101221.0,6.0956,"Especias, Tubérculos y Hortalizas"
2003,Karnataka,Potato,342752,53076.0,9.008666667,"Especias, Tubérculos y Hortalizas"
2003,Karnataka,Sannhamp,116,466.0,0.144285714,Cereales y Granos
2003,Karnataka,Sugarcane,16015440,243341.0,72.1276,Cultivos Industriales
2003,Karnataka,Sweet potato,28718,3580.0,6.229333333,"Especias, Tubérculos y Hortalizas"
2003,Karnataka,Tapioca,8357,1058.0,9.595714286,Cereales y Granos
2003,Karnataka,Tobacco,55107,98050.0,0.574285714,Cultivos Industriales
2003,Karnataka,Turmeric,26381,5410.0,4.343809524,"Especias, Tubérculos y Hortalizas"
2000,Karnataka,Onion,645357,120358.0,6.0164,"Especias, Tubérculos y Hortalizas"
2000,Karnataka,Potato,452462,38298.0,11.70933333,"Especias, Tubérculos y Hortalizas"
2000,Karnataka,Sannhamp,354,1424.0,0.285,Cereales y Granos
2000,Karnataka,Sugarcane,42923496,417141.0,98.80038462,Cultivos Industriales
2000,Karnataka,Sweet potato,25771,3501.0,6.222142857,"Especias, Tubérculos y Hortalizas"
2000,Karnataka,Tapioca,8018,1030.0,9.558571429,Cereales y Granos
2000,Karnataka,Tobacco,52131,70504.0,0.722857143,Cultivos Industriales
2000,Karnataka,Turmeric,41040,9251.0,4.298095238,"Especias, Tubérculos y Hortalizas"
2009,Karnataka,Arecanut,1243385,195802.0,6.21047619,Frutales
2009,Karnataka,Banana,1407316,63981.0,21.92,Frutales
2009,Karnataka,Black pepper,73143,19706.0,3.701538462,"Especias, Tubérculos y Hortalizas"
2009,Karnataka,Cardamom,1267,19178.0,0.085,"Especias, Tubérculos y Hortalizas"
2009,Karnataka,Cashewnut,48008,63314.0,0.764545455,Frutales
2009,Karnataka,Coconut ,3056353000,429860.0,7084.002414,Frutales
2009,Karnataka,Coriander,3224,6580.0,0.498095238,"Especias, Tubérculos y Hortalizas"
2003,Karnataka,Banana,431463,33220.0,14.36222222,Frutales
2003,Karnataka,Arecanut,198857,148939.0,1.302727273,Frutales
2003,Karnataka,Dry chillies,94502,69876.0,1.505185185,"Especias, Tubérculos y Hortalizas"
2007,Karnataka,Cotton(lint),704871,403029.0,1.809,Fibras 
2002,Karnataka,Banana,681663,39813.0,16.96518519,Frutales
2007,Karnataka,Garlic,6340,6135.0,1.284285714,"Especias, Tubérculos y Hortalizas"
2002,Karnataka,Coriander,1114,7685.0,0.1235,"Especias, Tubérculos y Hortalizas"
2007,Karnataka,Coriander,2242,6423.0,0.329545455,"Especias, Tubérculos y Hortalizas"
2007,Karnataka,Coconut ,2063855000,405328.0,5079.793793,Frutales
2007,Karnataka,Cardamom,1978,21187.0,0.0625,"Especias, Tubérculos y Hortalizas"
2007,Karnataka,Black pepper,50867,16319.0,3.124166667,"Especias, Tubérculos y Hortalizas"
2005,Karnataka,Arecanut,1033658,161151.0,6.212380952,Frutales
2002,Karnataka,Coconut ,1525287000,375425.0,4165.087778,Frutales
2002,Karnataka,Black pepper,23178,10414.0,2.213076923,"Especias, Tubérculos y Hortalizas"
2002,Karnataka,Sugarcane,32485308,382719.0,83.89230769,Cultivos Industriales
2002,Karnataka,Potato,149282,50645.0,5.757142857,"Especias, Tubérculos y Hortalizas"
2002,Karnataka,Onion,535821,114975.0,7.0436,"Especias, Tubérculos y Hortalizas"
2002,Karnataka,Garlic,3983,5344.0,1.382,"Especias, Tubérculos y Hortalizas"
2002,Karnataka,Dry chillies,153443,155499.0,1.266666667,"Especias, Tubérculos y Hortalizas"
2002,Karnataka,Sannhamp,100,404.0,0.235,Cereales y Granos
2002,Karnataka,Cardamom,1103,19405.0,0.062857143,"Especias, Tubérculos y Hortalizas"
1999,Kerala,Turmeric,8362,3971.0,1.999285714,"Especias, Tubérculos y Hortalizas"
2000,Kerala,Banana,327955,45059.0,7.457857143,Frutales
2000,Kerala,Black pepper,60929,202133.0,0.22,"Especias, Tubérculos y Hortalizas"
2000,Kerala,Cardamom,7580,41288.0,0.055,"Especias, Tubérculos y Hortalizas"
2003,Kerala,Ginger,32972,8516.0,2.874285714,"Especias, Tubérculos y Hortalizas"
1998,Kerala,Ginger,39362,11107.0,2.93,"Especias, Tubérculos y Hortalizas"
1999,Kerala,Arecanut,83337,81941.0,0.831428571,Frutales
1999,Kerala,Black pepper,47543,198406.0,0.193571429,"Especias, Tubérculos y Hortalizas"
1999,Kerala,Cardamom,6585,41491.0,0.056666667,"Especias, Tubérculos y Hortalizas"
1999,Kerala,Cashewnut,65547,89403.0,0.491428571,Frutales
1999,Kerala,Coconut ,5680000000,925035.0,5581.025714,Frutales
1999,Kerala,Dry chillies,310,312.0,0.975,"Especias, Tubérculos y Hortalizas"
1999,Kerala,Garlic,14433,849.0,17.0,"Especias, Tubérculos y Hortalizas"
1999,Kerala,Ginger,41344,11264.0,3.159285714,"Especias, Tubérculos y Hortalizas"
1999,Kerala,Sugarcane,578820,5780.0,88.2225,Cultivos Industriales
1999,Kerala,Sweet potato,10698,989.0,11.79636364,"Especias, Tubérculos y Hortalizas"
1999,Kerala,Tapioca,2531752,111922.0,24.25785714,Cereales y Granos
1999,Kerala,Tobacco,245,44.0,5.57,Cultivos Industriales
2000,Kerala,Arecanut,87947,87360.0,0.825714286,Frutales
1997,Kerala,Cashewnut,74142,96073.0,0.589285714,Frutales
2000,Kerala,Tobacco,1186,213.0,5.57,Cultivos Industriales
1998,Kerala,Garlic,12614,742.0,17.0,"Especias, Tubérculos y Hortalizas"
1998,Kerala,Dry chillies,288,297.0,0.937777778,"Especias, Tubérculos y Hortalizas"
1998,Kerala,Coconut ,5132000000,882288.0,5304.749286,Frutales
1998,Kerala,Cashewnut,51336,91268.0,0.484285714,Frutales
1998,Kerala,Cardamom,4990,41449.0,0.045555556,"Especias, Tubérculos y Hortalizas"
1998,Kerala,Black pepper,68510,182384.0,0.261428571,"Especias, Tubérculos y Hortalizas"
1998,Kerala,Banana,386588,30521.0,12.85714286,Frutales
1998,Kerala,Arecanut,68479,73639.0,0.797857143,Frutales
1998,Kerala,Sweet potato,11924,1099.0,11.718,"Especias, Tubérculos y Hortalizas"
1998,Kerala,Tapioca,2630155,112774.0,25.51785714,Cereales y Granos
1998,Kerala,Tobacco,228,41.0,5.56,Cultivos Industriales
2000,Kerala,Turmeric,9037,4127.0,1.905714286,"Especias, Tubérculos y Hortalizas"
1998,Kerala,Turmeric,8034,3706.0,1.997857143,"Especias, Tubérculos y Hortalizas"
2000,Kerala,Coconut ,5536000000,925783.0,5617.002143,Frutales
2000,Kerala,Garlic,9146,538.0,17.0,"Especias, Tubérculos y Hortalizas"
2000,Kerala,Ginger,42699,11612.0,2.957142857,"Especias, Tubérculos y Hortalizas"
2000,Kerala,Sugarcane,275550,3367.0,90.19,Cultivos Industriales
2000,Kerala,Sweet potato,8963,816.0,11.46615385,"Especias, Tubérculos y Hortalizas"
1997,Kerala,Tapioca,2841819,132875.0,22.80357143,Cereales y Granos
1997,Kerala,Coconut ,5210000000,884344.0,5376.054286,Frutales
1998,Kerala,Sugarcane,472160,6160.0,64.83,Cultivos Industriales
1997,Kerala,Black pepper,55520,173855.0,0.240714286,"Especias, Tubérculos y Hortalizas"
1997,Kerala,Arecanut,93995,76145.0,1.147857143,Frutales
2000,Kerala,Tapioca,2586903,114609.0,24.29642857,Cereales y Granos
2000,Kerala,Cashewnut,66178,92122.0,0.507857143,Frutales
1999,Kerala,Banana,398145,39046.0,10.36285714,Frutales
2003,Kerala,Sugarcane,290980,3535.0,82.35,Cultivos Industriales
2003,Kerala,Black pepper,69015,216440.0,0.222857143,"Especias, Tubérculos y Hortalizas"
2009,Kerala,Garlic,5712,336.0,17.0,"Especias, Tubérculos y Hortalizas"
2009,Kerala,Coconut ,5667000000,778618.0,6728.865,Frutales
2009,Kerala,Cashewnut,35818,48972.0,0.482857143,Frutales
2009,Kerala,Cardamom,7800,41593.0,0.057777778,"Especias, Tubérculos y Hortalizas"
2005,Kerala,Tapioca,2568284,90539.0,28.00928571,Cereales y Granos
2004,Kerala,Sweet potato,10013,836.0,11.52769231,"Especias, Tubérculos y Hortalizas"
2004,Kerala,Tapioca,2400043,88486.0,28.10571429,Cereales y Granos
2004,Kerala,Tobacco,223,40.0,5.58,Cultivos Industriales
2004,Kerala,Turmeric,6244,2881.0,2.025,"Especias, Tubérculos y Hortalizas"
2009,Kerala,Black pepper,42460,171489.0,0.190714286,"Especias, Tubérculos y Hortalizas"
2009,Kerala,Banana,406242,51275.0,7.835714286,Frutales
2009,Kerala,Arecanut,116763,99190.0,0.976428571,Frutales
2001,Kerala,Arecanut,84679,93193.0,0.772857143,Frutales
2001,Kerala,Banana,375903,50871.0,7.347857143,Frutales
2001,Kerala,Black pepper,58240,203956.0,0.214285714,"Especias, Tubérculos y Hortalizas"
2001,Kerala,Cardamom,8380,41336.0,0.057272727,"Especias, Tubérculos y Hortalizas"
2001,Kerala,Cashewnut,65867,89718.0,0.525,Frutales
2009,Kerala,Ginger,28603,5408.0,3.402142857,"Especias, Tubérculos y Hortalizas"
2001,Kerala,Coconut ,5479000000,905718.0,5636.355,Frutales
2009,Kerala,Sugarcane,284970,2972.0,50.8875,Cultivos Industriales
2009,Kerala,Tapioca,2525384,74925.0,34.51142857,Cereales y Granos
2007,Kerala,Turmeric,7434,3155.0,2.167857143,"Especias, Tubérculos y Hortalizas"
2006,Kerala,Turmeric,9980,3917.0,2.168571429,"Especias, Tubérculos y Hortalizas"
2006,Kerala,Tobacco,50,31.0,1.61,Cultivos Industriales
2006,Kerala,Tapioca,2518999,87128.0,29.46214286,Cereales y Granos
2006,Kerala,Sweet potato,6405,505.0,11.50071429,"Especias, Tubérculos y Hortalizas"
2006,Kerala,Sugarcane,65790,1161.0,33.668,Cultivos Industriales
2006,Kerala,Ginger,42496,11082.0,3.239285714,"Especias, Tubérculos y Hortalizas"
2006,Kerala,Garlic,3757,221.0,17.0,"Especias, Tubérculos y Hortalizas"
2006,Kerala,Coconut ,6054000000,872943.0,6522.32,Frutales
2006,Kerala,Cashewnut,61680,70463.0,0.577857143,Frutales
2006,Kerala,Cardamom,8545,41362.0,0.057,"Especias, Tubérculos y Hortalizas"
2006,Kerala,Black pepper,64264,216709.0,0.217857143,"Especias, Tubérculos y Hortalizas"
2006,Kerala,Banana,463766,59143.0,7.988571429,Frutales
2006,Kerala,Arecanut,109968,102078.0,0.933571429,Frutales
2004,Kerala,Sugarcane,154300,1921.0,82.35153846,Cultivos Industriales
2009,Kerala,Turmeric,6066,2438.0,2.276428571,"Especias, Tubérculos y Hortalizas"
2009,Kerala,Tobacco,34,29.0,1.17,Cultivos Industriales
2009,Kerala,Sweet potato,4575,399.0,11.49857143,"Especias, Tubérculos y Hortalizas"
2001,Kerala,Garlic,4981,293.0,17.0,"Especias, Tubérculos y Hortalizas"
2001,Kerala,Ginger,40181,10706.0,3.167857143,"Especias, Tubérculos y Hortalizas"
2001,Kerala,Sugarcane,269780,3267.0,88.77583333,Cultivos Industriales
2008,Kerala,Tapioca,2712114,87241.0,31.64142857,Cereales y Granos
2008,Kerala,Sweet potato,4827,386.0,11.5,"Especias, Tubérculos y Hortalizas"
2008,Kerala,Sugarcane,275480,3392.0,73.525,Cultivos Industriales
2008,Kerala,Ginger,30809,7421.0,3.17,"Especias, Tubérculos y Hortalizas"
2008,Kerala,Garlic,5440,320.0,17.0,"Especias, Tubérculos y Hortalizas"
2008,Kerala,Coconut ,5802000000,787769.0,6765.202857,Frutales
2008,Kerala,Cashewnut,42334,53007.0,0.518571429,Frutales
2008,Kerala,Cardamom,8550,41588.0,0.061111111,"Especias, Tubérculos y Hortalizas"
2008,Kerala,Black pepper,33991,153711.0,0.182857143,"Especias, Tubérculos y Hortalizas"
2008,Kerala,Banana,435979,54739.0,7.93,Frutales
2008,Kerala,Arecanut,125654,97492.0,1.047142857,Frutales
2005,Kerala,Turmeric,8237,3384.0,2.211428571,"Especias, Tubérculos y Hortalizas"
2005,Kerala,Coconut ,6326000000,897833.0,6500.859286,Frutales
2005,Kerala,Garlic,1105,65.0,17.0,"Especias, Tubérculos y Hortalizas"
2005,Kerala,Ginger,56288,12226.0,3.258571429,"Especias, Tubérculos y Hortalizas"
2005,Kerala,Sugarcane,91650,1222.0,66.14538462,Cultivos Industriales
2005,Kerala,Sweet potato,9013,711.0,11.48692308,"Especias, Tubérculos y Hortalizas"
2008,Kerala,Tobacco,63,39.0,1.62,Cultivos Industriales
2008,Kerala,Turmeric,6364,2782.0,2.169285714,"Especias, Tubérculos y Hortalizas"
2005,Kerala,Cashewnut,68262,78285.0,0.621428571,Frutales
2002,Kerala,Arecanut,107279,97485.0,0.910714286,Frutales
2001,Kerala,Sweet potato,8672,747.0,11.49153846,"Especias, Tubérculos y Hortalizas"
2001,Kerala,Tapioca,2455880,111189.0,23.09642857,Cereales y Granos
2001,Kerala,Tobacco,395,71.0,5.56,Cultivos Industriales
2001,Kerala,Turmeric,7895,3558.0,2.066428571,"Especias, Tubérculos y Hortalizas"
2003,Kerala,Garlic,10846,638.0,17.0,"Especias, Tubérculos y Hortalizas"
2003,Kerala,Coconut ,5876000000,898498.0,6097.778571,Frutales
2003,Kerala,Cashewnut,65655,86376.0,0.559285714,Frutales
2003,Kerala,Cardamom,8875,41332.0,0.07,"Especias, Tubérculos y Hortalizas"
2007,Kerala,Tobacco,69,43.0,1.6,Cultivos Industriales
2003,Kerala,Banana,442220,55906.0,8.215,Frutales
2005,Kerala,Arecanut,119309,108590.0,0.958571429,Frutales
2005,Kerala,Banana,491823,61400.0,8.060714286,Frutales
2005,Kerala,Black pepper,87605,237998.0,0.239285714,"Especias, Tubérculos y Hortalizas"
2005,Kerala,Cardamom,9765,41367.0,0.065,"Especias, Tubérculos y Hortalizas"
2002,Kerala,Cashewnut,66087,88548.0,0.574285714,Frutales
2002,Kerala,Cardamom,8680,41412.0,0.068,"Especias, Tubérculos y Hortalizas"
2002,Kerala,Black pepper,67358,208607.0,0.222142857,"Especias, Tubérculos y Hortalizas"
2002,Kerala,Banana,421809,55668.0,8.055714286,Frutales
2003,Kerala,Arecanut,105490,102504.0,0.86,Frutales
2007,Kerala,Tapioca,2556455,83990.0,29.41142857,Cereales y Granos
2005,Kerala,Tobacco,69,43.0,1.6,Cultivos Industriales
2002,Kerala,Tobacco,501,90.0,5.57,Cultivos Industriales
2004,Kerala,Coconut ,6001000000,899267.0,6112.145714,Frutales
2004,Kerala,Cashewnut,60584,81547.0,0.56,Frutales
2004,Kerala,Cardamom,8616,41378.0,0.069,"Especias, Tubérculos y Hortalizas"
2004,Kerala,Black pepper,74980,237669.0,0.222857143,"Especias, Tubérculos y Hortalizas"
2004,Kerala,Banana,475371,58866.0,7.803571429,Frutales
2004,Kerala,Arecanut,110342,107572.0,0.854285714,Frutales
2007,Kerala,Sweet potato,6343,499.0,11.49785714,"Especias, Tubérculos y Hortalizas"
2004,Kerala,Garlic,5202,306.0,17.0,"Especias, Tubérculos y Hortalizas"
2007,Kerala,Sugarcane,159150,2991.0,37.17272727,Cultivos Industriales
2002,Kerala,other oilseeds,0,2253.0,0.0,Oleaginosas
2002,Kerala,Turmeric,6938,3140.0,2.062857143,"Especias, Tubérculos y Hortalizas"
2002,Kerala,Tapioca,2413217,104179.0,24.47785714,Cereales y Granos
2002,Kerala,Sweet potato,10463,850.0,11.46928571,"Especias, Tubérculos y Hortalizas"
2002,Kerala,Sugarcane,312830,3758.0,88.46083333,Cultivos Industriales
2007,Kerala,Arecanut,114690,99787.0,0.921428571,Frutales
2002,Kerala,Coconut ,5709000000,899198.0,5969.78,Frutales
2007,Kerala,Banana,439803,59341.0,7.534285714,Frutales
2002,Kerala,Ginger,32412,8998.0,2.951428571,"Especias, Tubérculos y Hortalizas"
2002,Kerala,Garlic,10472,616.0,17.0,"Especias, Tubérculos y Hortalizas"
2007,Kerala,Garlic,5950,350.0,17.0,"Especias, Tubérculos y Hortalizas"
2003,Kerala,Sweet potato,11981,1002.0,11.52307692,"Especias, Tubérculos y Hortalizas"
2007,Kerala,Coconut ,5641000000,818812.0,6390.165714,Frutales
2004,Kerala,Ginger,45305,9991.0,3.022857143,"Especias, Tubérculos y Hortalizas"
2003,Kerala,Tapioca,2540790,94297.0,28.62785714,Cereales y Granos
2003,Kerala,Tobacco,423,76.0,5.57,Cultivos Industriales
2003,Kerala,Turmeric,5652,2774.0,1.967857143,"Especias, Tubérculos y Hortalizas"
2007,Kerala,Cashewnut,52402,58381.0,0.579285714,Frutales
2007,Kerala,Cardamom,7031,39763.0,0.047272727,"Especias, Tubérculos y Hortalizas"
2007,Kerala,Ginger,31726,8865.0,3.017142857,"Especias, Tubérculos y Hortalizas"
2007,Kerala,Black pepper,41952,175679.0,0.19,"Especias, Tubérculos y Hortalizas"
2004,Madhya Pradesh,Sweet potato,24117,4172.0,5.938913043,"Especias, Tubérculos y Hortalizas"
2009,Madhya Pradesh,Turmeric,573,649.0,0.975483871,"Especias, Tubérculos y Hortalizas"
2009,Madhya Pradesh,Wheat,8865378,4458995.0,1.8538,Cereales y Granos
2004,Madhya Pradesh,Potato,713265,47570.0,14.71425532,"Especias, Tubérculos y Hortalizas"
2009,Madhya Pradesh,Tobacco,142,312.0,0.543636364,Cultivos Industriales
2004,Madhya Pradesh,Garlic,178505,42254.0,3.053125,"Especias, Tubérculos y Hortalizas"
2004,Madhya Pradesh,Coriander,52565,136352.0,0.339782609,"Especias, Tubérculos y Hortalizas"
2007,Madhya Pradesh,Turmeric,545,655.0,0.908275862,"Especias, Tubérculos y Hortalizas"
2004,Madhya Pradesh,Sugarcane,1794420,41925.0,30.82,Cultivos Industriales
2004,Madhya Pradesh,Turmeric,633,662.0,1.0128125,"Especias, Tubérculos y Hortalizas"
2001,Madhya Pradesh,Garlic,85583,22685.0,2.935777778,"Especias, Tubérculos y Hortalizas"
1999,Madhya Pradesh,Dry chillies,23880,46824.0,0.526888889,"Especias, Tubérculos y Hortalizas"
2001,Madhya Pradesh,Dry chillies,22145,39686.0,0.484666667,"Especias, Tubérculos y Hortalizas"
2001,Madhya Pradesh,Banana,564818,18145.0,26.1695,Frutales
2007,Madhya Pradesh,Tobacco,67,157.0,0.428888889,Cultivos Industriales
2007,Madhya Pradesh,Sweet potato,20560,3752.0,5.65173913,"Especias, Tubérculos y Hortalizas"
2007,Madhya Pradesh,Sunflower,304,615.0,0.301764706,Oleaginosas
2001,Madhya Pradesh,Coriander,37967,103753.0,0.345813953,"Especias, Tubérculos y Hortalizas"
2001,Madhya Pradesh,Turmeric,399,382.0,0.968571429,"Especias, Tubérculos y Hortalizas"
2001,Madhya Pradesh,Tobacco,120,255.0,0.498333333,Cultivos Industriales
2001,Madhya Pradesh,Sweet potato,21068,3707.0,5.656818182,"Especias, Tubérculos y Hortalizas"
2001,Madhya Pradesh,Sugarcane,1612840,41427.0,30.92022222,Cultivos Industriales
2001,Madhya Pradesh,Sannhamp,10489,6015.0,1.862619048,Cereales y Granos
2001,Madhya Pradesh,Potato,507092,38387.0,13.38955556,"Especias, Tubérculos y Hortalizas"
2001,Madhya Pradesh,Onion,324596,23057.0,13.41155556,"Especias, Tubérculos y Hortalizas"
1999,Madhya Pradesh,Coriander,62527,144307.0,0.387142857,"Especias, Tubérculos y Hortalizas"
2007,Madhya Pradesh,Sugarcane,3276720,77120.0,30.21326087,Cultivos Industriales
2004,Madhya Pradesh,Onion,560306,35661.0,15.03166667,"Especias, Tubérculos y Hortalizas"
1999,Madhya Pradesh,Onion,389338,28722.0,12.03627119,"Especias, Tubérculos y Hortalizas"
2002,Madhya Pradesh,Banana,363109,16117.0,17.72565217,Frutales
2008,Madhya Pradesh,Garlic,207441,49080.0,3.0538,"Especias, Tubérculos y Hortalizas"
1999,Madhya Pradesh,Potato,856854,67359.0,12.04827586,"Especias, Tubérculos y Hortalizas"
1999,Madhya Pradesh,Sannhamp,13167,6859.0,2.059111111,Cereales y Granos
1999,Madhya Pradesh,Sugarcane,1951640,44930.0,32.28931034,Cultivos Industriales
1999,Madhya Pradesh,Sweet potato,40325,6591.0,6.262241379,"Especias, Tubérculos y Hortalizas"
1999,Madhya Pradesh,Turmeric,486,409.0,1.052857143,"Especias, Tubérculos y Hortalizas"
2008,Madhya Pradesh,Onion,582438,40146.0,12.0858,"Especias, Tubérculos y Hortalizas"
2008,Madhya Pradesh,Potato,649826,56301.0,11.0325,"Especias, Tubérculos y Hortalizas"
2008,Madhya Pradesh,Sesamum,101422,243804.0,0.4182,Oleaginosas
2008,Madhya Pradesh,Small millets,83744,295734.0,0.287777778,Cereales y Granos
2008,Madhya Pradesh,Sugarcane,2381030,53704.0,31.97541667,Cultivos Industriales
2008,Madhya Pradesh,Sweet potato,20770,3584.0,5.977446809,"Especias, Tubérculos y Hortalizas"
2008,Madhya Pradesh,Tobacco,92,229.0,0.52,Cultivos Industriales
2008,Madhya Pradesh,Turmeric,582,657.0,0.978965517,"Especias, Tubérculos y Hortalizas"
2002,Madhya Pradesh,Cashewnut,0,1.0,0.0,Frutales
1999,Madhya Pradesh,Garlic,263316,53612.0,3.222413793,"Especias, Tubérculos y Hortalizas"
2002,Madhya Pradesh,Coriander,12664,62042.0,0.285909091,"Especias, Tubérculos y Hortalizas"
2002,Madhya Pradesh,Garlic,76594,22674.0,2.850666667,"Especias, Tubérculos y Hortalizas"
2008,Madhya Pradesh,Banana,397231,7847.0,33.19923077,Frutales
2008,Madhya Pradesh,Coriander,59075,141394.0,0.348297872,"Especias, Tubérculos y Hortalizas"
2002,Madhya Pradesh,Turmeric,379455,552394.0,0.505,"Especias, Tubérculos y Hortalizas"
2009,Madhya Pradesh,Sweet potato,20803,3497.0,6.02,"Especias, Tubérculos y Hortalizas"
2006,Madhya Pradesh,Dry chillies,40748,47381.0,0.719791667,"Especias, Tubérculos y Hortalizas"
2006,Madhya Pradesh,Coriander,49879,116571.0,0.339565217,"Especias, Tubérculos y Hortalizas"
2006,Madhya Pradesh,Banana,469134,14836.0,21.7195,Frutales
2002,Madhya Pradesh,Tobacco,75,173.0,0.5225,Cultivos Industriales
2002,Madhya Pradesh,Sweet potato,21287,3757.0,5.559555556,"Especias, Tubérculos y Hortalizas"
2002,Madhya Pradesh,Sugarcane,1560420,39073.0,28.415,Cultivos Industriales
2005,Madhya Pradesh,Onion,575949,37656.0,14.14979167,"Especias, Tubérculos y Hortalizas"
2005,Madhya Pradesh,Potato,614671,45967.0,12.90382979,"Especias, Tubérculos y Hortalizas"
2002,Madhya Pradesh,Sannhamp,9234,5767.0,1.584651163,Cereales y Granos
2002,Madhya Pradesh,Potato,487836,40871.0,11.89644444,"Especias, Tubérculos y Hortalizas"
2002,Madhya Pradesh,Onion,344975,24620.0,12.75155556,"Especias, Tubérculos y Hortalizas"
2002,Madhya Pradesh,Dry chillies,31627,43928.0,0.528666667,"Especias, Tubérculos y Hortalizas"
2009,Madhya Pradesh,Sunflower,91,202.0,0.369,Oleaginosas
2009,Madhya Pradesh,Soyabean,6419022,5439849.0,1.0138,Oleaginosas
2005,Madhya Pradesh,Sweet potato,22869,4171.0,5.701086957,"Especias, Tubérculos y Hortalizas"
2007,Madhya Pradesh,Potato,713614,56663.0,11.41729167,"Especias, Tubérculos y Hortalizas"
2007,Madhya Pradesh,Onion,601524,41376.0,12.21604167,"Especias, Tubérculos y Hortalizas"
2009,Madhya Pradesh,Sugarcane,1847170,45549.0,31.6544898,Cultivos Industriales
2007,Madhya Pradesh,Garlic,225852,53653.0,2.956666667,"Especias, Tubérculos y Hortalizas"
2007,Madhya Pradesh,Coriander,44656,138113.0,0.309787234,"Especias, Tubérculos y Hortalizas"
2007,Madhya Pradesh,Banana,470299,7543.0,43.1125,Frutales
2009,Madhya Pradesh,Cotton(lint),132478,623072.0,0.198421053,Fibras 
2009,Madhya Pradesh,Coriander,70473,150426.0,0.367391304,"Especias, Tubérculos y Hortalizas"
2009,Madhya Pradesh,Castor seed,481,1361.0,0.305714286,Oleaginosas
2009,Madhya Pradesh,Barley,97660,75065.0,1.586052632,Cereales y Granos
2009,Madhya Pradesh,Banana,501350,8040.0,44.35692308,Frutales
2009,Madhya Pradesh,Bajra,293506,197914.0,1.078787879,Cereales y Granos
2006,Madhya Pradesh,Turmeric,583,668.0,0.977586207,"Especias, Tubérculos y Hortalizas"
2006,Madhya Pradesh,Tobacco,86,204.0,0.383,Cultivos Industriales
2006,Madhya Pradesh,Sweet potato,22633,4070.0,5.947173913,"Especias, Tubérculos y Hortalizas"
2006,Madhya Pradesh,Sugarcane,2692260,61085.0,31.35595745,Cultivos Industriales
2006,Madhya Pradesh,Sesamum,87837,246733.0,0.337291667,Oleaginosas
2006,Madhya Pradesh,Potato,648203,48540.0,12.9512766,"Especias, Tubérculos y Hortalizas"
2006,Madhya Pradesh,Onion,629635,37825.0,14.81125,"Especias, Tubérculos y Hortalizas"
2000,Madhya Pradesh,Turmeric,339,373.0,0.86962963,"Especias, Tubérculos y Hortalizas"
2000,Madhya Pradesh,Sugarcane,1656840,74733.0,17.88844444,Cultivos Industriales
2000,Madhya Pradesh,Sannhamp,9072,6422.0,1.580666667,Cereales y Granos
2000,Madhya Pradesh,Onion,272665,19327.0,13.27177778,"Especias, Tubérculos y Hortalizas"
2000,Madhya Pradesh,Garlic,61022,17552.0,2.833111111,"Especias, Tubérculos y Hortalizas"
2000,Madhya Pradesh,Dry chillies,13218,43196.0,0.325777778,"Especias, Tubérculos y Hortalizas"
2000,Madhya Pradesh,Coriander,27475,94705.0,0.307674419,"Especias, Tubérculos y Hortalizas"
2006,Madhya Pradesh,Garlic,182491,41697.0,3.104468085,"Especias, Tubérculos y Hortalizas"
2009,Madhya Pradesh,Arhar/Tur,253399,324870.0,0.6948,Leguminosas
1998,Madhya Pradesh,Sugarcane,1609360,72440.0,17.87372881,Cultivos Industriales
2007,Madhya Pradesh,Sesamum,116205,309055.0,0.415,Oleaginosas
2007,Madhya Pradesh,Small millets,660,2912.0,0.194285714,Cereales y Granos
2005,Madhya Pradesh,Sugarcane,2236980,51620.0,31.52155556,Cultivos Industriales
2003,Madhya Pradesh,Sweet potato,21742,3821.0,5.932173913,"Especias, Tubérculos y Hortalizas"
2009,Madhya Pradesh,Onion,785475,51151.0,13.143,"Especias, Tubérculos y Hortalizas"
2009,Madhya Pradesh,Niger seed,21058,95632.0,0.263846154,Oleaginosas
2009,Madhya Pradesh,Mesta,237,731.0,0.283333333,Fibras 
2009,Madhya Pradesh,Masoor,272042,519238.0,0.491666667,Leguminosas
2003,Madhya Pradesh,Dry chillies,38365,48810.0,0.623958333,"Especias, Tubérculos y Hortalizas"
2003,Madhya Pradesh,Coriander,46968,125074.0,0.335957447,"Especias, Tubérculos y Hortalizas"
2009,Madhya Pradesh,Peas & beans (Pulses),90793,194056.0,0.492708333,Leguminosas
2003,Madhya Pradesh,Banana,457194,15985.0,17.95652174,Frutales
2009,Madhya Pradesh,Garlic,224352,52169.0,3.153,"Especias, Tubérculos y Hortalizas"
2009,Madhya Pradesh,Ginger,9667,7797.0,1.159761905,"Especias, Tubérculos y Hortalizas"
2003,Madhya Pradesh,Turmeric,682,655.0,1.0059375,"Especias, Tubérculos y Hortalizas"
2009,Madhya Pradesh,Gram,3218273,3007732.0,0.9506,Leguminosas
2009,Madhya Pradesh,Groundnut,249510,207062.0,0.996041667,Oleaginosas
2009,Madhya Pradesh,Khesari,40118,53778.0,0.646666667,Leguminosas
2009,Madhya Pradesh,Dry chillies,90505,54162.0,1.4066,"Especias, Tubérculos y Hortalizas"
2009,Madhya Pradesh,Linseed,48563,106966.0,0.684468085,Oleaginosas
2003,Madhya Pradesh,Garlic,137875,33158.0,3.003333333,"Especias, Tubérculos y Hortalizas"
2009,Madhya Pradesh,Potato,737859,60052.0,11.0822449,"Especias, Tubérculos y Hortalizas"
2009,Madhya Pradesh,Sesamum,139755,320540.0,0.4246,Oleaginosas
2009,Madhya Pradesh,Sannhamp,1469,4188.0,0.368974359,Cereales y Granos
2009,Madhya Pradesh,Safflower,122,409.0,0.3,Oleaginosas
2003,Madhya Pradesh,Onion,416137,30958.0,12.86875,"Especias, Tubérculos y Hortalizas"
2009,Madhya Pradesh,Rice,1355660,1593071.0,0.906041667,Cereales y Granos
2009,Madhya Pradesh,Maize,1018820,812456.0,1.0752,Cereales y Granos
2003,Madhya Pradesh,Sannhamp,11127,5584.0,2.155777778,Cereales y Granos
2009,Madhya Pradesh,Rapeseed &Mustard,804849,768719.0,0.827959184,Oleaginosas
2009,Madhya Pradesh,Ragi,120,382.0,0.32,Cereales y Granos
2003,Madhya Pradesh,Potato,667656,46546.0,13.33404255,"Especias, Tubérculos y Hortalizas"
2003,Madhya Pradesh,Sugarcane,1870120,43141.0,31.46604167,Cultivos Industriales
2000,Maharashtra,Sugarcane,49568700,595300.0,77.65407407,Cultivos Industriales
1999,Maharashtra,Sugarcane,53140400,590100.0,86.55576923,Cultivos Industriales
2009,Maharashtra,Sugarcane,64159300,755900.0,76.29222222,Cultivos Industriales
2008,Maharashtra,Sugarcane,60648300,768400.0,65.53407407,Cultivos Industriales
2005,Maharashtra,Sugarcane,38813700,500700.0,66.29923077,Cultivos Industriales
1997,Maharashtra,Cotton(lint),1753100,31292.0,95.99391304,Fibras 
2006,Maharashtra,Sugarcane,66277400,848800.0,70.67444444,Cultivos Industriales
2003,Maharashtra,Banana,3634720,57700.0,57.56857143,Frutales
2003,Maharashtra,Onion,1663240,133622.0,12.44846154,"Especias, Tubérculos y Hortalizas"
2001,Maharashtra,Sugarcane,45139800,578200.0,69.57740741,Cultivos Industriales
2002,Maharashtra,Sugarcane,42617000,573100.0,65.24666667,Cultivos Industriales
2003,Maharashtra,Sugarcane,25668400,442500.0,56.65814815,Cultivos Industriales
2004,Maharashtra,Sugarcane,23913700,326900.0,64.51,Cultivos Industriales
2007,Maharashtra,Sugarcane,88437200,1092800.0,74.23888889,Cultivos Industriales
2003,Manipur,Tapioca,1360,243.0,5.593333333,Cereales y Granos
2009,Manipur,Banana,60933,5841.0,10.64666667,Frutales
2009,Manipur,Dry chillies,60712,8122.0,7.514444444,"Especias, Tubérculos y Hortalizas"
2009,Manipur,Potato,113860,13650.0,8.286666667,"Especias, Tubérculos y Hortalizas"
2009,Manipur,Sugarcane,227130,3870.0,56.62666667,Cultivos Industriales
2009,Manipur,Turmeric,15410,1295.0,11.80777778,"Especias, Tubérculos y Hortalizas"
2003,Manipur,Banana,15308,1950.0,7.851111111,Frutales
2008,Manipur,Banana,64424,4991.0,12.91,Frutales
2003,Manipur,Turmeric,380,550.0,0.72,"Especias, Tubérculos y Hortalizas"
2003,Manipur,Dry chillies,7850,13390.0,0.543333333,"Especias, Tubérculos y Hortalizas"
2003,Manipur,Onion,2060,970.0,2.068333333,"Especias, Tubérculos y Hortalizas"
2008,Manipur,Turmeric,9884,834.0,11.77666667,"Especias, Tubérculos y Hortalizas"
2008,Manipur,Sugarcane,298000,5150.0,59.26444444,Cultivos Industriales
2008,Manipur,Dry chillies,59169,7962.0,7.482222222,"Especias, Tubérculos y Hortalizas"
2003,Manipur,Sugarcane,10780,330.0,32.71,Cultivos Industriales
2003,Manipur,Sweet potato,673,102.0,6.59,"Especias, Tubérculos y Hortalizas"
2003,Manipur,Cashewnut,130,325.0,0.4,Frutales
2008,Manipur,Potato,108000,13000.0,8.165555556,"Especias, Tubérculos y Hortalizas"
2007,Manipur,Sugarcane,16660,510.0,32.61666667,Cultivos Industriales
2004,Manipur,Sugarcane,9800,300.0,32.67,Cultivos Industriales
1999,Manipur,Onion,640,300.0,2.068571429,"Especias, Tubérculos y Hortalizas"
1999,Manipur,Dry chillies,4150,6920.0,0.642222222,"Especias, Tubérculos y Hortalizas"
1999,Manipur,Banana,45140,3510.0,12.86,Frutales
2005,Manipur,Onion,3740,1760.0,2.14,"Especias, Tubérculos y Hortalizas"
2005,Manipur,Dry chillies,3890,6490.0,0.591111111,"Especias, Tubérculos y Hortalizas"
2005,Manipur,Banana,56850,4420.0,12.8775,Frutales
1997,Manipur,Turmeric,4,7.0,0.57,"Especias, Tubérculos y Hortalizas"
2004,Manipur,Turmeric,320,470.0,0.74,"Especias, Tubérculos y Hortalizas"
2004,Manipur,Sweet potato,460,130.0,3.54,"Especias, Tubérculos y Hortalizas"
1997,Manipur,Sugarcane,2,7.0,0.29,Cultivos Industriales
2004,Manipur,Potato,15480,2960.0,5.2175,"Especias, Tubérculos y Hortalizas"
2004,Manipur,Onion,1060,500.0,2.094,"Especias, Tubérculos y Hortalizas"
1999,Manipur,Potato,12920,2470.0,5.198888889,"Especias, Tubérculos y Hortalizas"
2004,Manipur,Dry chillies,7150,11920.0,0.597777778,"Especias, Tubérculos y Hortalizas"
2004,Manipur,Banana,49770,3870.0,12.88111111,Frutales
2002,Manipur,Turmeric,230,330.0,0.803333333,"Especias, Tubérculos y Hortalizas"
2002,Manipur,Tapioca,1238,223.0,5.298571429,Cereales y Granos
2002,Manipur,Sweet potato,787,122.0,4.9025,"Especias, Tubérculos y Hortalizas"
2002,Manipur,Sugarcane,10450,320.0,32.65666667,Cultivos Industriales
2002,Manipur,Potato,23380,4470.0,5.20375,"Especias, Tubérculos y Hortalizas"
2002,Manipur,Onion,510,240.0,2.078333333,"Especias, Tubérculos y Hortalizas"
2002,Manipur,Dry chillies,6080,10140.0,0.587777778,"Especias, Tubérculos y Hortalizas"
2002,Manipur,Cashewnut,93,285.0,0.405,Frutales
2002,Manipur,Banana,14361,4270.0,6.934444444,Frutales
2001,Manipur,Sweet potato,40,10.0,4.0,"Especias, Tubérculos y Hortalizas"
2001,Manipur,Onion,1360,640.0,2.16,"Especias, Tubérculos y Hortalizas"
1997,Manipur,Dry chillies,2,3.0,0.75,"Especias, Tubérculos y Hortalizas"
1999,Manipur,Sugarcane,21230,650.0,32.7475,Cultivos Industriales
1999,Manipur,Tapioca,130,30.0,4.33,Cereales y Granos
1999,Manipur,Turmeric,140,220.0,0.8,"Especias, Tubérculos y Hortalizas"
2007,Manipur,Potato,10200,1950.0,5.191111111,"Especias, Tubérculos y Hortalizas"
2007,Manipur,Onion,2000,940.0,2.11,"Especias, Tubérculos y Hortalizas"
2007,Manipur,Dry chillies,4280,7130.0,0.608888889,"Especias, Tubérculos y Hortalizas"
2007,Manipur,Banana,120380,9360.0,12.88444444,Frutales
2006,Manipur,Turmeric,280,320.0,0.9175,"Especias, Tubérculos y Hortalizas"
2006,Manipur,Sugarcane,16330,500.0,32.66666667,Cultivos Industriales
2006,Manipur,Potato,15010,2870.0,5.23125,"Especias, Tubérculos y Hortalizas"
2006,Manipur,Onion,1360,640.0,2.11,"Especias, Tubérculos y Hortalizas"
2006,Manipur,Dry chillies,5350,8910.0,0.605555556,"Especias, Tubérculos y Hortalizas"
2006,Manipur,Banana,54020,4200.0,12.8725,Frutales
2007,Manipur,Sweet potato,1580,450.0,3.51,"Especias, Tubérculos y Hortalizas"
2007,Manipur,Turmeric,280,400.0,0.7625,"Especias, Tubérculos y Hortalizas"
2001,Manipur,Dry chillies,4470,7450.0,0.78,"Especias, Tubérculos y Hortalizas"
1997,Manipur,Banana,12,1.0,12.0,Frutales
2005,Manipur,Turmeric,140,200.0,0.835,"Especias, Tubérculos y Hortalizas"
2005,Manipur,Sugarcane,2290,70.0,32.75,Cultivos Industriales
2005,Manipur,Potato,25470,4870.0,5.2,"Especias, Tubérculos y Hortalizas"
2000,Manipur,Banana,43980,3420.0,12.83875,Frutales
2000,Manipur,Dry chillies,4300,7170.0,0.648888889,"Especias, Tubérculos y Hortalizas"
2000,Manipur,Onion,740,350.0,2.1,"Especias, Tubérculos y Hortalizas"
2000,Manipur,Potato,13550,2590.0,5.198888889,"Especias, Tubérculos y Hortalizas"
2000,Manipur,Sugarcane,24170,740.0,32.57571429,Cultivos Industriales
2000,Manipur,Sweet potato,180,50.0,3.6,"Especias, Tubérculos y Hortalizas"
2001,Manipur,Banana,56840,4420.0,12.87375,Frutales
2003,Meghalaya,Dry chillies,1168,1807.0,0.671428571,"Especias, Tubérculos y Hortalizas"
2003,Meghalaya,Sweet potato,16016,4853.0,3.395714286,"Especias, Tubérculos y Hortalizas"
2003,Meghalaya,Cashewnut,6787,6708.0,1.003333333,Frutales
2003,Meghalaya,Potato,149428,18035.0,7.241428571,"Especias, Tubérculos y Hortalizas"
2003,Meghalaya,Sugarcane,228,83.0,2.346,Cultivos Industriales
2004,Meghalaya,Tobacco,479,729.0,0.55,Cultivos Industriales
2003,Meghalaya,Tapioca,20588,3974.0,6.367142857,Cereales y Granos
2003,Meghalaya,Arecanut,14244,11189.0,1.194285714,Frutales
2000,Meghalaya,Banana,64100,5377.0,11.36285714,Frutales
2000,Meghalaya,Dry chillies,1146,1810.0,0.651428571,"Especias, Tubérculos y Hortalizas"
2000,Meghalaya,Potato,144292,18318.0,6.954285714,"Especias, Tubérculos y Hortalizas"
2003,Meghalaya,Banana,66875,5628.0,10.92714286,Frutales
2005,Meghalaya,Arecanut,15530,11507.0,1.245714286,Frutales
2005,Meghalaya,Banana,71695,6426.0,10.22428571,Frutales
2005,Meghalaya,Dry chillies,1267,1861.0,0.8,"Especias, Tubérculos y Hortalizas"
2005,Meghalaya,Potato,167030,17986.0,7.768571429,"Especias, Tubérculos y Hortalizas"
2000,Meghalaya,Arecanut,13721,11184.0,1.178571429,Frutales
2005,Meghalaya,Sugarcane,219,80.0,2.342,Cultivos Industriales
2005,Meghalaya,Tapioca,20841,3989.0,6.392857143,Cereales y Granos
2005,Meghalaya,Tobacco,475,721.0,0.562,Cultivos Industriales
2005,Meghalaya,Turmeric,10508,1817.0,5.621428571,"Especias, Tubérculos y Hortalizas"
1998,Meghalaya,Tapioca,21251,3963.0,6.547142857,Cereales y Granos
1999,Meghalaya,Turmeric,8196,1458.0,5.284285714,"Especias, Tubérculos y Hortalizas"
1999,Meghalaya,Tobacco,488,719.0,0.636,Cultivos Industriales
1999,Meghalaya,Tapioca,21497,4022.0,6.39,Cereales y Granos
1999,Meghalaya,Sweet potato,17591,5220.0,3.415714286,"Especias, Tubérculos y Hortalizas"
2000,Meghalaya,Sugarcane,237,86.0,2.288,Cultivos Industriales
2005,Meghalaya,Sweet potato,16270,4975.0,3.391428571,"Especias, Tubérculos y Hortalizas"
1997,Meghalaya,Arecanut,12116,9569.0,1.245714286,Frutales
2008,Meghalaya,Arecanut,17400,12632.0,1.244285714,Frutales
1997,Meghalaya,Dry chillies,1106,1766.0,0.64,"Especias, Tubérculos y Hortalizas"
2001,Meghalaya,Dry chillies,1158,1825.0,0.655714286,"Especias, Tubérculos y Hortalizas"
2001,Meghalaya,Arecanut,14101,11128.0,1.185714286,Frutales
2003,Meghalaya,Tobacco,472,723.0,0.55,Cultivos Industriales
2003,Meghalaya,Turmeric,8656,1561.0,5.471428571,"Especias, Tubérculos y Hortalizas"
1998,Meghalaya,Arecanut,11567,9585.0,1.151666667,Frutales
1998,Meghalaya,Banana,62888,5194.0,11.26714286,Frutales
2001,Meghalaya,Potato,159032,18151.0,7.288571429,"Especias, Tubérculos y Hortalizas"
2002,Meghalaya,Banana,65659,5344.0,11.42714286,Frutales
2002,Meghalaya,Dry chillies,1150,1839.0,0.62,"Especias, Tubérculos y Hortalizas"
2002,Meghalaya,Potato,167884,18071.0,7.74,"Especias, Tubérculos y Hortalizas"
2002,Meghalaya,Sugarcane,219,80.0,2.37,Cultivos Industriales
2002,Meghalaya,Sweet potato,16412,4953.0,3.42,"Especias, Tubérculos y Hortalizas"
2002,Meghalaya,Tapioca,20950,3958.0,6.57,Cereales y Granos
2002,Meghalaya,Tobacco,470,719.0,0.584,Cultivos Industriales
2002,Meghalaya,Cashewnut,6730,6649.0,1.0,Frutales
1997,Meghalaya,Banana,63011,5239.0,11.20714286,Frutales
2001,Meghalaya,Sugarcane,226,83.0,2.278,Cultivos Industriales
2001,Meghalaya,Tapioca,20637,3971.0,6.401428571,Cereales y Granos
2004,Meghalaya,Tapioca,20644,3975.0,6.367142857,Cereales y Granos
2004,Meghalaya,Sweet potato,16172,4974.0,3.352857143,"Especias, Tubérculos y Hortalizas"
2004,Meghalaya,Sugarcane,225,84.0,2.264,Cultivos Industriales
2004,Meghalaya,Potato,141622,17287.0,7.178571429,"Especias, Tubérculos y Hortalizas"
2004,Meghalaya,Garlic,1139,365.0,1.79,"Especias, Tubérculos y Hortalizas"
2004,Meghalaya,Dry chillies,1303,1844.0,0.844285714,"Especias, Tubérculos y Hortalizas"
2001,Meghalaya,Sweet potato,16627,4942.0,3.447142857,"Especias, Tubérculos y Hortalizas"
1998,Meghalaya,Mesta,631,871.0,0.68,Fibras 
1998,Meghalaya,Sugarcane,225,83.0,2.328,Cultivos Industriales
1998,Meghalaya,Sweet potato,17291,5181.0,3.302857143,"Especias, Tubérculos y Hortalizas"
2004,Meghalaya,Black pepper,578,895.0,0.8,"Especias, Tubérculos y Hortalizas"
2004,Meghalaya,Banana,67838,6276.0,10.06571429,Frutales
2001,Meghalaya,Turmeric,8577,1523.0,5.511428571,"Especias, Tubérculos y Hortalizas"
2001,Meghalaya,Tobacco,480,728.0,0.562,Cultivos Industriales
1998,Meghalaya,Potato,201059,20753.0,7.738571429,"Especias, Tubérculos y Hortalizas"
2006,Meghalaya,Sugarcane,239,87.0,2.348,Cultivos Industriales
2002,Meghalaya,Turmeric,8642,1543.0,5.442857143,"Especias, Tubérculos y Hortalizas"
2007,Meghalaya,Tobacco,464,696.0,0.665,Cultivos Industriales
2000,Meghalaya,Sweet potato,17363,5143.0,3.431428571,"Especias, Tubérculos y Hortalizas"
2008,Meghalaya,Turmeric,10046,1959.0,4.862857143,"Especias, Tubérculos y Hortalizas"
2008,Meghalaya,Tobacco,436,664.0,0.7275,Cultivos Industriales
2008,Meghalaya,Tapioca,21773,4187.0,6.267142857,Cereales y Granos
2008,Meghalaya,Sweet potato,15909,4895.0,3.648571429,"Especias, Tubérculos y Hortalizas"
2008,Meghalaya,Sugarcane,250,92.0,2.316,Cultivos Industriales
2009,Meghalaya,Sugarcane,206,76.0,2.46,Cultivos Industriales
2008,Meghalaya,Potato,161138,17690.0,7.417142857,"Especias, Tubérculos y Hortalizas"
2008,Meghalaya,Banana,74314,6522.0,10.37428571,Frutales
2004,Meghalaya,Turmeric,9016,1682.0,4.715714286,"Especias, Tubérculos y Hortalizas"
1997,Meghalaya,Sweet potato,16978,5212.0,3.221428571,"Especias, Tubérculos y Hortalizas"
1997,Meghalaya,Sugarcane,225,82.0,2.352,Cultivos Industriales
1997,Meghalaya,Potato,200509,20764.0,8.641428571,"Especias, Tubérculos y Hortalizas"
1997,Meghalaya,Mesta,713,861.0,0.7525,Fibras 
2008,Meghalaya,Dry chillies,1423,1875.0,0.97,"Especias, Tubérculos y Hortalizas"
1998,Meghalaya,Turmeric,6997,1375.0,5.624285714,"Especias, Tubérculos y Hortalizas"
2009,Meghalaya,Potato,162445,17712.0,7.318571429,"Especias, Tubérculos y Hortalizas"
2009,Meghalaya,Arecanut,19396,13621.0,1.248571429,Frutales
2007,Meghalaya,Sugarcane,252,92.0,2.344,Cultivos Industriales
2004,Meghalaya,Arecanut,14169,11233.0,1.154285714,Frutales
1998,Meghalaya,Dry chillies,1051,1764.0,0.598571429,"Especias, Tubérculos y Hortalizas"
2000,Meghalaya,Turmeric,8565,1523.0,5.464285714,"Especias, Tubérculos y Hortalizas"
2000,Meghalaya,Tobacco,470,700.0,0.64,Cultivos Industriales
1997,Meghalaya,Turmeric,7126,1401.0,5.425714286,"Especias, Tubérculos y Hortalizas"
2009,Meghalaya,Black pepper,461,890.0,0.505714286,"Especias, Tubérculos y Hortalizas"
1998,Meghalaya,Tobacco,507,742.0,0.61,Cultivos Industriales
1999,Meghalaya,Banana,63383,5319.0,11.16285714,Frutales
1999,Meghalaya,Dry chillies,1128,1790.0,0.635714286,"Especias, Tubérculos y Hortalizas"
1999,Meghalaya,Potato,143287,18339.0,6.858571429,"Especias, Tubérculos y Hortalizas"
1999,Meghalaya,Sugarcane,223,80.0,2.372,Cultivos Industriales
1997,Meghalaya,Tapioca,21087,3959.0,6.537142857,Cereales y Granos
2000,Meghalaya,Tapioca,21879,4110.0,5.98,Cereales y Granos
1999,Meghalaya,Arecanut,12510,9645.0,1.245,Frutales
2004,Meghalaya,Coriander,306,53.0,5.4925,"Especias, Tubérculos y Hortalizas"
2005,Mizoram,Tobacco,364,511.0,0.782857143,Cultivos Industriales
2005,Mizoram,Potato,3891,953.0,5.05125,"Especias, Tubérculos y Hortalizas"
2005,Mizoram,Sugarcane,45953,1383.0,18.325,Cultivos Industriales
1999,Mizoram,Sugarcane,1510,743.0,3.003333333,Cultivos Industriales
2002,Mizoram,Tobacco,252,300.0,0.7975,Cultivos Industriales
2002,Mizoram,Tapioca,1330,232.0,7.0675,Cereales y Granos
2002,Mizoram,Sugarcane,7443,1370.0,6.4075,Cultivos Industriales
2002,Mizoram,Potato,726,369.0,1.976666667,"Especias, Tubérculos y Hortalizas"
2005,Mizoram,Rice,107740,56460.0,1.9425,Cereales y Granos
2001,Mizoram,Tobacco,224,292.0,0.76,Cultivos Industriales
1999,Mizoram,Potato,3924,530.0,6.35,"Especias, Tubérculos y Hortalizas"
1998,Mizoram,Tobacco,434,437.0,0.92,Cultivos Industriales
1998,Mizoram,Sugarcane,7863,1258.0,6.2975,Cultivos Industriales
1997,Mizoram,Tapioca,6956,478.0,9.34,Cereales y Granos
1997,Mizoram,Sugarcane,7488,1252.0,5.8,Cultivos Industriales
1997,Mizoram,Rice,110573,68114.0,1.6,Cereales y Granos
2000,Mizoram,Potato,2429,310.0,5.805,"Especias, Tubérculos y Hortalizas"
2000,Mizoram,Sugarcane,6361,952.0,8.705,Cultivos Industriales
2000,Mizoram,Tobacco,246,373.0,0.56,Cultivos Industriales
2001,Mizoram,Potato,1471,376.0,4.8975,"Especias, Tubérculos y Hortalizas"
2001,Mizoram,Sugarcane,9359,1379.0,8.115,Cultivos Industriales
2004,Mizoram,Tobacco,317,468.0,0.688571429,Cultivos Industriales
2006,Mizoram,Sugarcane,12188,1340.0,7.32625,Cultivos Industriales
2001,Mizoram,Tapioca,1479,307.0,5.7375,Cereales y Granos
2007,Mizoram,Sugarcane,828,883.0,4.584285714,Cultivos Industriales
2003,Mizoram,Tobacco,404,460.0,0.866666667,Cultivos Industriales
2003,Mizoram,Tapioca,690,139.0,7.7075,Cereales y Granos
2003,Mizoram,Sugarcane,36174,1393.0,25.87,Cultivos Industriales
2009,Mizoram,Tobacco,249,371.0,0.582,Cultivos Industriales
2009,Mizoram,Sugarcane,12368,1434.0,8.42375,Cultivos Industriales
2003,Mizoram,Potato,893,363.0,3.301666667,"Especias, Tubérculos y Hortalizas"
2008,Mizoram,Sugarcane,13696,1342.0,11.12875,Cultivos Industriales
2007,Mizoram,Tobacco,37,90.0,0.6,Cultivos Industriales
2008,Mizoram,Tobacco,276,484.0,0.49,Cultivos Industriales
2006,Mizoram,Tobacco,342,503.0,0.676666667,Cultivos Industriales
2000,Nagaland,Sugarcane,35000,700.0,39.93666667,Cultivos Industriales
2004,Nagaland,Potato,95000,13750.0,6.58125,"Especias, Tubérculos y Hortalizas"
2004,Nagaland,Sugarcane,138750,2770.0,33.995,Cultivos Industriales
2001,Nagaland,Sugarcane,48000,1000.0,43.005,Cultivos Industriales
1999,Nagaland,Potato,44800,4130.0,10.82857143,"Especias, Tubérculos y Hortalizas"
1999,Nagaland,Sugarcane,30000,600.0,50.0,Cultivos Industriales
2006,Nagaland,Sugarcane,229000,4500.0,48.145,Cultivos Industriales
2000,Nagaland,Potato,47890,4540.0,10.32375,"Especias, Tubérculos y Hortalizas"
2001,Nagaland,Potato,42420,3550.0,12.14875,"Especias, Tubérculos y Hortalizas"
2002,Nagaland,Sugarcane,80000,2000.0,55.63166667,Cultivos Industriales
2002,Nagaland,Potato,61000,5450.0,11.25375,"Especias, Tubérculos y Hortalizas"
2003,Nagaland,Potato,43540,5110.0,8.2975,"Especias, Tubérculos y Hortalizas"
2003,Nagaland,Sugarcane,128890,2800.0,37.28166667,Cultivos Industriales
2005,Nagaland,Sugarcane,207500,4150.0,37.27,Cultivos Industriales
2003,Orissa,Turmeric,56420,23780.0,2.241,"Especias, Tubérculos y Hortalizas"
2000,Orissa,Turmeric,60630,25310.0,2.341923077,"Especias, Tubérculos y Hortalizas"
2000,Orissa,Tobacco,1560,3380.0,0.454166667,Cultivos Industriales
1999,Orissa,Onion,368350,46400.0,7.043,"Especias, Tubérculos y Hortalizas"
1999,Orissa,Potato,91050,8740.0,9.781851852,"Especias, Tubérculos y Hortalizas"
2000,Orissa,Sannhamp,42290,11160.0,4.0725,Cereales y Granos
2000,Orissa,Potato,85872,8251.0,9.321071429,"Especias, Tubérculos y Hortalizas"
2000,Orissa,Onion,229420,27400.0,7.385666667,"Especias, Tubérculos y Hortalizas"
1999,Orissa,Tobacco,4590,7430.0,0.558181818,Cultivos Industriales
2000,Orissa,Garlic,28280,9000.0,3.123,"Especias, Tubérculos y Hortalizas"
2000,Orissa,Dry chillies,58950,69650.0,0.838,"Especias, Tubérculos y Hortalizas"
2000,Orissa,Coriander,6550,13370.0,0.482222222,"Especias, Tubérculos y Hortalizas"
1999,Orissa,Sannhamp,37050,11450.0,3.852,Cereales y Granos
2000,Orissa,Sugarcane,963917,16775.0,51.06793103,Cultivos Industriales
2000,Orissa,Sweet potato,272050,37670.0,7.797666667,"Especias, Tubérculos y Hortalizas"
2003,Orissa,Tobacco,3490,5310.0,0.537,Cultivos Industriales
2001,Orissa,Dry chillies,59180,70030.0,0.844666667,"Especias, Tubérculos y Hortalizas"
2004,Orissa,Dry chillies,63240,76113.0,0.830666667,"Especias, Tubérculos y Hortalizas"
2004,Orissa,Coriander,9107,19060.0,0.482333333,"Especias, Tubérculos y Hortalizas"
2001,Orissa,Coriander,5970,12910.0,0.449666667,"Especias, Tubérculos y Hortalizas"
2002,Orissa,Coriander,8950,18880.0,0.472333333,"Especias, Tubérculos y Hortalizas"
2002,Orissa,Dry chillies,62910,74970.0,0.834333333,"Especias, Tubérculos y Hortalizas"
2002,Orissa,Garlic,33830,10700.0,3.16,"Especias, Tubérculos y Hortalizas"
2002,Orissa,Onion,238790,26410.0,8.852666667,"Especias, Tubérculos y Hortalizas"
2002,Orissa,Potato,70320,7076.0,8.908214286,"Especias, Tubérculos y Hortalizas"
2002,Orissa,Sugarcane,753194,14177.0,52.07642857,Cultivos Industriales
2002,Orissa,Sweet potato,384260,46890.0,8.228666667,"Especias, Tubérculos y Hortalizas"
2002,Orissa,Tobacco,2600,4090.0,0.522222222,Cultivos Industriales
2002,Orissa,Turmeric,33700,23640.0,2.164827586,"Especias, Tubérculos y Hortalizas"
2003,Orissa,Coriander,9000,19010.0,0.480666667,"Especias, Tubérculos y Hortalizas"
2003,Orissa,Dry chillies,63180,75040.0,0.838666667,"Especias, Tubérculos y Hortalizas"
2003,Orissa,Garlic,34320,10850.0,3.144666667,"Especias, Tubérculos y Hortalizas"
2003,Orissa,Onion,240340,26550.0,8.845666667,"Especias, Tubérculos y Hortalizas"
2003,Orissa,Potato,75823,7303.0,9.688965517,"Especias, Tubérculos y Hortalizas"
2003,Orissa,Sugarcane,858096,14565.0,54.54655172,Cultivos Industriales
2003,Orissa,Sweet potato,393560,47030.0,8.454333333,"Especias, Tubérculos y Hortalizas"
2004,Orissa,Garlic,34918,11044.0,3.158,"Especias, Tubérculos y Hortalizas"
2004,Orissa,Onion,241852,26684.0,8.963333333,"Especias, Tubérculos y Hortalizas"
1997,Orissa,Potato,87413,8887.0,8.774,"Especias, Tubérculos y Hortalizas"
2004,Orissa,Tobacco,3247,4760.0,0.561,Cultivos Industriales
2001,Orissa,Garlic,28280,8950.0,3.164666667,"Especias, Tubérculos y Hortalizas"
2004,Orissa,Turmeric,56768,23860.0,2.249333333,"Especias, Tubérculos y Hortalizas"
2001,Orissa,Turmeric,59240,26420.0,2.108,"Especias, Tubérculos y Hortalizas"
2001,Orissa,Tobacco,3580,5680.0,0.524,Cultivos Industriales
2004,Orissa,Sweet potato,394287,47112.0,8.469666667,"Especias, Tubérculos y Hortalizas"
2001,Orissa,Sweet potato,312850,38480.0,8.193666667,"Especias, Tubérculos y Hortalizas"
2001,Orissa,Onion,173430,19410.0,8.714333333,"Especias, Tubérculos y Hortalizas"
2001,Orissa,Potato,78049,7580.0,9.565714286,"Especias, Tubérculos y Hortalizas"
2001,Orissa,Sugarcane,644007,10988.0,52.85172414,Cultivos Industriales
2003,Puducherry,Dry chillies,30,11.0,2.333333333,"Especias, Tubérculos y Hortalizas"
2003,Puducherry,Coriander,1,2.0,0.5,"Especias, Tubérculos y Hortalizas"
2003,Puducherry,Coconut ,30732000,2252.0,12300.735,Frutales
2003,Puducherry,Cashewnut,172,217.0,1.08,Frutales
2004,Puducherry,Onion,21,7.0,2.165,"Especias, Tubérculos y Hortalizas"
2003,Puducherry,Banana,10095,280.0,26.56,Frutales
2003,Puducherry,Onion,100,7.0,8.75,"Especias, Tubérculos y Hortalizas"
2003,Puducherry,Arecanut,77,64.0,1.2,Frutales
2004,Puducherry,Dry chillies,35,14.0,2.076666667,"Especias, Tubérculos y Hortalizas"
2004,Puducherry,Coconut ,28003000,2137.0,11687.445,Frutales
2004,Puducherry,Cashewnut,141,218.0,0.63,Frutales
2004,Puducherry,Black pepper,7,12.0,0.58,"Especias, Tubérculos y Hortalizas"
2004,Puducherry,Banana,10208,302.0,29.17666667,Frutales
2003,Puducherry,Black pepper,8,12.0,0.67,"Especias, Tubérculos y Hortalizas"
2003,Puducherry,Sugarcane,146675,1733.0,54.985,Cultivos Industriales
2005,Puducherry,Black pepper,7,12.0,0.58,"Especias, Tubérculos y Hortalizas"
2004,Puducherry,Sugarcane,115690,1517.0,63.66,Cultivos Industriales
2006,Puducherry,Arecanut,82,63.0,1.3,Frutales
2002,Puducherry,Tapioca,13497,437.0,19.94,Cereales y Granos
2002,Puducherry,Sugarcane,209496,2330.0,85.75,Cultivos Industriales
2002,Puducherry,Onion,45,3.0,15.0,"Especias, Tubérculos y Hortalizas"
2002,Puducherry,Dry chillies,36,14.0,2.57,"Especias, Tubérculos y Hortalizas"
2005,Puducherry,Sugarcane,299000,2099.0,109.13,Cultivos Industriales
2003,Puducherry,Tapioca,16716,567.0,20.005,Cereales y Granos
2002,Puducherry,Coconut ,23956000,2279.0,10750.0,Frutales
2002,Puducherry,Black pepper,8,12.0,0.67,"Especias, Tubérculos y Hortalizas"
2002,Puducherry,Banana,7965,274.0,21.5625,Frutales
2005,Puducherry,Onion,29,9.0,3.22,"Especias, Tubérculos y Hortalizas"
2005,Puducherry,Dry chillies,17,8.0,2.07,"Especias, Tubérculos y Hortalizas"
2005,Puducherry,Coconut ,29414000,2194.0,11250.4125,Frutales
2005,Puducherry,Banana,10382,316.0,22.33333333,Frutales
2002,Puducherry,Cashewnut,140,184.0,1.056666667,Frutales
2002,Puducherry,Coriander,4,5.0,0.8,"Especias, Tubérculos y Hortalizas"
2000,Puducherry,Cashewnut,121,202.0,0.603333333,Frutales
1999,Puducherry,Coconut ,27816000,2214.0,12812.4475,Frutales
2001,Puducherry,Onion,251,16.0,15.69,"Especias, Tubérculos y Hortalizas"
1999,Puducherry,Arecanut,130,65.0,2.0,Frutales
2001,Puducherry,Coriander,1,2.0,0.5,"Especias, Tubérculos y Hortalizas"
2008,Puducherry,Coconut ,30721000,2084.0,12012.7625,Frutales
2000,Puducherry,Black pepper,7,12.0,0.58,"Especias, Tubérculos y Hortalizas"
2001,Puducherry,Arecanut,137,65.0,2.11,Frutales
2001,Puducherry,Sugarcane,197412,2117.0,91.64,Cultivos Industriales
2001,Puducherry,Banana,7461,225.0,25.375,Frutales
2001,Puducherry,Cashewnut,134,191.0,1.063333333,Frutales
2001,Puducherry,Coconut ,22204000,2282.0,9725.08,Frutales
2009,Puducherry,Coconut ,31097000,2138.0,11782.4725,Frutales
2007,Puducherry,Coconut ,26615000,2164.0,10937.2025,Frutales
2000,Puducherry,Banana,7532,239.0,26.25,Frutales
2000,Puducherry,Arecanut,130,65.0,2.0,Frutales
2001,Puducherry,Black pepper,11,12.0,0.92,"Especias, Tubérculos y Hortalizas"
2001,Puducherry,Tapioca,15540,464.0,21.5,Cereales y Granos
1999,Puducherry,Cashewnut,177,210.0,2.69,Frutales
2000,Puducherry,Coriander,1,1.0,1.0,"Especias, Tubérculos y Hortalizas"
2000,Puducherry,Tapioca,9685,342.0,18.69,Cereales y Granos
2000,Puducherry,Sugarcane,200413,2464.0,81.17,Cultivos Industriales
2000,Puducherry,Onion,202,13.0,15.54,"Especias, Tubérculos y Hortalizas"
2000,Puducherry,Dry chillies,33,10.0,2.6775,"Especias, Tubérculos y Hortalizas"
2000,Puducherry,Coconut ,24698000,2233.0,11937.4475,Frutales
1999,Puducherry,Coriander,2,3.0,0.67,"Especias, Tubérculos y Hortalizas"
1999,Puducherry,Black pepper,7,12.0,0.58,"Especias, Tubérculos y Hortalizas"
1999,Puducherry,Banana,8890,282.0,29.25,Frutales
1999,Puducherry,Dry chillies,35,11.0,3.305,"Especias, Tubérculos y Hortalizas"
1999,Puducherry,Onion,183,14.0,13.07,"Especias, Tubérculos y Hortalizas"
1999,Puducherry,Sugarcane,237610,2798.0,83.0,Cultivos Industriales
1999,Puducherry,Tapioca,10571,365.0,18.29,Cereales y Granos
1998,Punjab,Sugarcane,6130000,103000.0,60.698,Cultivos Industriales
2004,Punjab,Sugarcane,5170000,86000.0,60.966,Cultivos Industriales
1997,Punjab,Moong(Green Gram),31700,49300.0,0.601666667,Leguminosas
2005,Punjab,Guar seed,17800,23900.0,0.786666667,Cultivos Industriales
2005,Punjab,Sugarcane,5241000,85000.0,64.525,Cultivos Industriales
2009,Punjab,Sugarcane,370000,60000.0,6.396923077,Cultivos Industriales
1997,Punjab,Cotton(lint),937000,724000.0,1.324,Fibras 
2000,Punjab,Sugarcane,7770000,121000.0,65.445625,Cultivos Industriales
1997,Punjab,Sugarcane,7150000,126000.0,58.046875,Cultivos Industriales
2006,Punjab,Guar seed,15800,20400.0,0.82,Cultivos Industriales
2003,Punjab,Sugarcane,6620000,123000.0,54.72,Cultivos Industriales
2001,Punjab,Sugarcane,9250000,142000.0,67.87176471,Cultivos Industriales
2002,Punjab,Guar seed,22700,30800.0,0.708,Cultivos Industriales
2002,Punjab,Sugarcane,9110000,153000.0,58.85235294,Cultivos Industriales
2003,Punjab,Guar seed,27100,38500.0,0.674285714,Cultivos Industriales
1999,Punjab,Sugarcane,6770000,108000.0,62.67266667,Cultivos Industriales
2004,Punjab,Guar seed,19400,27100.0,0.8,Cultivos Industriales
2003,Sikkim,other oilseeds,30,60.0,0.5,Oleaginosas
2003,Sikkim,Potato,33440,7470.0,4.455,"Especias, Tubérculos y Hortalizas"
2002,Sikkim,other oilseeds,30,60.0,0.5,Oleaginosas
1997,Sikkim,Maize,7605,9580.0,0.7875,Cereales y Granos
2001,Sikkim,Maize,4000,8000.0,0.5,Cereales y Granos
2002,Sikkim,Maize,3000,6000.0,0.5,Cereales y Granos
2002,Sikkim,Potato,27020,5760.0,5.1,"Especias, Tubérculos y Hortalizas"
2009,Tamil Nadu,Castor seed,1521,4896.0,0.313703704,Oleaginosas
2009,Tamil Nadu,Coconut ,5547100000,400466.0,14134.65935,Frutales
2004,Tamil Nadu,Cardamom,450,4936.0,0.071818182,"Especias, Tubérculos y Hortalizas"
2004,Tamil Nadu,Banana,3461788,81498.0,41.73931034,Frutales
2004,Tamil Nadu,Arecanut,7390,5077.0,1.55,Frutales
2008,Tamil Nadu,Sugarcane,32798888,308800.0,111.4553333,Cultivos Industriales
2008,Tamil Nadu,Sunflower,34356,25755.0,1.768571429,Oleaginosas
2008,Tamil Nadu,Sweet potato,8743,658.0,13.52565217,"Especias, Tubérculos y Hortalizas"
2008,Tamil Nadu,Tapioca,4533359,124301.0,35.91833333,Cereales y Granos
2009,Tamil Nadu,Cashewnut,49550,99043.0,0.496785714,Frutales
2008,Tamil Nadu,Tobacco,8214,5379.0,1.593333333,Cultivos Industriales
2009,Tamil Nadu,Cardamom,330,3650.0,0.058461538,"Especias, Tubérculos y Hortalizas"
2008,Tamil Nadu,Turmeric,172334,29875.0,5.326296296,"Especias, Tubérculos y Hortalizas"
2008,Tamil Nadu,Urad,82983,263671.0,0.666666667,Leguminosas
2009,Tamil Nadu,Black pepper,643,2790.0,0.153846154,"Especias, Tubérculos y Hortalizas"
2009,Tamil Nadu,Banana,4887841,113681.0,43.52,Frutales
2009,Tamil Nadu,Bajra,82652,54427.0,1.649615385,Cereales y Granos
2009,Tamil Nadu,Arhar/Tur,20274,26558.0,0.709615385,Leguminosas
2009,Tamil Nadu,Arecanut,10437,5456.0,1.605,Frutales
2004,Tamil Nadu,Cashewnut,44497,104659.0,0.34037037,Frutales
2001,Tamil Nadu,Sugarcane,32614900,321173.0,102.0107407,Cultivos Industriales
2004,Tamil Nadu,Coconut ,4097000000,357056.0,10877.70276,Frutales
2008,Tamil Nadu,Rapeseed &Mustard,63,257.0,0.282222222,Oleaginosas
2004,Tamil Nadu,Dry chillies,44631,66990.0,0.761724138,"Especias, Tubérculos y Hortalizas"
2008,Tamil Nadu,Arecanut,11061,5612.0,1.708333333,Frutales
2008,Tamil Nadu,Arhar/Tur,16703,27483.0,0.606923077,Leguminosas
2008,Tamil Nadu,Bajra,84021,56672.0,2.5968,Cereales y Granos
2008,Tamil Nadu,Banana,5148134,115804.0,44.54483871,Frutales
2008,Tamil Nadu,Black pepper,716,3122.0,0.155,"Especias, Tubérculos y Hortalizas"
2008,Tamil Nadu,Cardamom,370,4051.0,0.094,"Especias, Tubérculos y Hortalizas"
2008,Tamil Nadu,Cashewnut,51667,99168.0,338.5489655,Frutales
2008,Tamil Nadu,Castor seed,1702,5523.0,0.322222222,Oleaginosas
2008,Tamil Nadu,Coconut ,5362000000,389429.0,13834.07258,Frutales
2008,Tamil Nadu,Coriander,4815,14139.0,0.357826087,"Especias, Tubérculos y Hortalizas"
2008,Tamil Nadu,Cotton(lint),187673,114516.0,1.797586207,Fibras 
2008,Tamil Nadu,Dry chillies,32924,65412.0,0.651290323,"Especias, Tubérculos y Hortalizas"
2008,Tamil Nadu,Garlic,2067,351.0,5.76,"Especias, Tubérculos y Hortalizas"
2008,Tamil Nadu,Ginger,16340,817.0,20.0,"Especias, Tubérculos y Hortalizas"
2004,Tamil Nadu,Coriander,8391,19350.0,0.4236,"Especias, Tubérculos y Hortalizas"
2008,Tamil Nadu,Gram,4355,6852.0,0.534761905,Leguminosas
2008,Tamil Nadu,Horse-gram,21052,44749.0,0.459230769,Leguminosas
2008,Tamil Nadu,Jowar,213436,258876.0,1.152142857,Cereales y Granos
2008,Tamil Nadu,Maize,1257882,286639.0,5.226296296,Cereales y Granos
2008,Tamil Nadu,Onion,286040,30255.0,10.1544,"Especias, Tubérculos y Hortalizas"
2008,Tamil Nadu,Potato,80538,4367.0,19.39,"Especias, Tubérculos y Hortalizas"
2008,Tamil Nadu,Ragi,169944,90079.0,2.228928571,Cereales y Granos
2008,Tamil Nadu,Sesamum,32242,63693.0,0.467777778,Oleaginosas
2004,Tamil Nadu,Turmeric,118447,21616.0,5.096071429,"Especias, Tubérculos y Hortalizas"
2004,Tamil Nadu,Tapioca,4563776,110589.0,41.5525,Cereales y Granos
2004,Tamil Nadu,Sweet potato,21118,1397.0,14.9992,"Especias, Tubérculos y Hortalizas"
2004,Tamil Nadu,Sugarcane,24457244,222188.0,104.66,Cultivos Industriales
2004,Tamil Nadu,Potato,79060,5034.0,16.0325,"Especias, Tubérculos y Hortalizas"
2004,Tamil Nadu,Onion,256359,26491.0,9.490357143,"Especias, Tubérculos y Hortalizas"
2004,Tamil Nadu,Garlic,2632,443.0,5.854,"Especias, Tubérculos y Hortalizas"
2008,Tamil Nadu,Groundnut,974768,489844.0,2.373666667,Oleaginosas
2009,Tamil Nadu,Coriander,6315,15977.0,0.355416667,"Especias, Tubérculos y Hortalizas"
2002,Tamil Nadu,Coconut ,2860700000,345825.0,8497.531111,Frutales
2009,Tamil Nadu,Dry chillies,31230,58476.0,0.629032258,"Especias, Tubérculos y Hortalizas"
2003,Tamil Nadu,Cashewnut,39380,102763.0,0.361153846,Frutales
2003,Tamil Nadu,Coconut ,2560500000,352710.0,7781.805714,Frutales
2003,Tamil Nadu,Coriander,8052,27722.0,0.300740741,"Especias, Tubérculos y Hortalizas"
2003,Tamil Nadu,Dry chillies,40067,75206.0,0.64,"Especias, Tubérculos y Hortalizas"
2003,Tamil Nadu,Garlic,3411,595.0,5.54,"Especias, Tubérculos y Hortalizas"
2003,Tamil Nadu,Onion,211173,23452.0,8.768076923,"Especias, Tubérculos y Hortalizas"
2003,Tamil Nadu,Potato,70103,4341.0,17.054,"Especias, Tubérculos y Hortalizas"
2003,Tamil Nadu,Sugarcane,19529277,192069.0,96.11384615,Cultivos Industriales
2003,Tamil Nadu,Sweet potato,15049,1039.0,14.55,"Especias, Tubérculos y Hortalizas"
2003,Tamil Nadu,Tapioca,3201414,95022.0,33.38214286,Cereales y Granos
2003,Tamil Nadu,Turmeric,67250,16181.0,3.909615385,"Especias, Tubérculos y Hortalizas"
1999,Tamil Nadu,Sugarcane,35501817,332332.0,107.9448148,Cultivos Industriales
1999,Tamil Nadu,Sweet potato,22519,1860.0,12.04052632,"Especias, Tubérculos y Hortalizas"
1999,Tamil Nadu,Tapioca,3425515,97165.0,35.97692308,Cereales y Granos
1999,Tamil Nadu,Tobacco,9369,5992.0,1.476363636,Cultivos Industriales
1999,Tamil Nadu,Turmeric,149977,28325.0,5.419130435,"Especias, Tubérculos y Hortalizas"
1998,Tamil Nadu,Potato,47513,2864.0,19.0875,"Especias, Tubérculos y Hortalizas"
2003,Tamil Nadu,Cardamom,478,5221.0,0.079,"Especias, Tubérculos y Hortalizas"
2003,Tamil Nadu,Black pepper,933,4179.0,0.141666667,"Especias, Tubérculos y Hortalizas"
2003,Tamil Nadu,Banana,2514729,71088.0,34.52965517,Frutales
2003,Tamil Nadu,Arecanut,0,5219.0,0.0,Frutales
1998,Tamil Nadu,Turmeric,126569,21657.0,6.06,"Especias, Tubérculos y Hortalizas"
1998,Tamil Nadu,Tobacco,8678,5775.0,1.409090909,Cultivos Industriales
1998,Tamil Nadu,Tapioca,2909934,78346.0,37.1056,Cereales y Granos
1998,Tamil Nadu,Sweet potato,12462,718.0,17.78736842,"Especias, Tubérculos y Hortalizas"
1998,Tamil Nadu,Sugarcane,46672800,347910.0,136.0751852,Cultivos Industriales
1998,Tamil Nadu,Sannhamp,1865,2558.0,0.755,Cereales y Granos
1998,Tamil Nadu,Rapeseed &Mustard,136,555.0,0.26,Oleaginosas
1999,Tamil Nadu,Banana,2762324,86449.0,29.60071429,Frutales
1998,Tamil Nadu,Onion,289717,37185.0,7.577727273,"Especias, Tubérculos y Hortalizas"
1999,Tamil Nadu,Black pepper,122,563.0,0.167142857,"Especias, Tubérculos y Hortalizas"
1999,Tamil Nadu,Cashewnut,20341,75832.0,0.309130435,Frutales
1999,Tamil Nadu,Coriander,5500,24030.0,0.234090909,"Especias, Tubérculos y Hortalizas"
1999,Tamil Nadu,Dry chillies,32696,58302.0,0.720740741,"Especias, Tubérculos y Hortalizas"
1999,Tamil Nadu,Garlic,3145,543.0,5.8,"Especias, Tubérculos y Hortalizas"
1999,Tamil Nadu,Guar seed,3514258,332323.0,10.65148148,Cultivos Industriales
1999,Tamil Nadu,Onion,315748,38384.0,8.005217391,"Especias, Tubérculos y Hortalizas"
1999,Tamil Nadu,Potato,72239,3803.0,18.72,"Especias, Tubérculos y Hortalizas"
1999,Tamil Nadu,Sannhamp,5298,7263.0,0.73375,Cereales y Granos
1999,Tamil Nadu,Cardamom,112,1213.0,0.094,"Especias, Tubérculos y Hortalizas"
2009,Tamil Nadu,Cotton(lint),225448,104095.0,2.502333333,Fibras 
1998,Tamil Nadu,Garlic,10629,2015.0,5.474285714,"Especias, Tubérculos y Hortalizas"
1998,Tamil Nadu,Coriander,14750,63042.0,0.283181818,"Especias, Tubérculos y Hortalizas"
2009,Tamil Nadu,Tobacco,10741,7051.0,1.407857143,Cultivos Industriales
2009,Tamil Nadu,Tapioca,4089545,118647.0,35.70034483,Cereales y Granos
2009,Tamil Nadu,Sweet potato,11381,778.0,14.6992,"Especias, Tubérculos y Hortalizas"
2009,Tamil Nadu,Sunflower,18975,14268.0,1.448518519,Oleaginosas
2009,Tamil Nadu,Sugarcane,29758209,293329.0,100.2083333,Cultivos Industriales
2009,Tamil Nadu,Sesamum,29021,62677.0,0.413448276,Oleaginosas
2009,Tamil Nadu,Rapeseed &Mustard,62,262.0,0.167777778,Oleaginosas
2009,Tamil Nadu,Potato,84683,4611.0,19.2475,"Especias, Tubérculos y Hortalizas"
2009,Tamil Nadu,Onion,302563,31024.0,9.8704,"Especias, Tubérculos y Hortalizas"
2009,Tamil Nadu,Moong(Green Gram),47673,138138.0,0.410322581,Leguminosas
2009,Tamil Nadu,Maize,1138126,244159.0,4.798888889,Cereales y Granos
2009,Tamil Nadu,Jowar,221960,238476.0,1.287777778,Cereales y Granos
2009,Tamil Nadu,Horse-gram,21816,47231.0,0.4292,Leguminosas
2009,Tamil Nadu,Groundnut,895718,413011.0,2.120322581,Oleaginosas
2009,Tamil Nadu,Gram,4542,7432.0,0.523,Leguminosas
2009,Tamil Nadu,Ginger,13867,864.0,16.036,"Especias, Tubérculos y Hortalizas"
2009,Tamil Nadu,Garlic,1954,330.0,4.256,"Especias, Tubérculos y Hortalizas"
2009,Tamil Nadu,Turmeric,169071,33366.0,5.103076923,"Especias, Tubérculos y Hortalizas"
2009,Tamil Nadu,Urad,98712,259722.0,0.392333333,Leguminosas
2000,Tamil Nadu,Turmeric,149252,28675.0,5.306086957,"Especias, Tubérculos y Hortalizas"
2000,Tamil Nadu,Tobacco,9225,5926.0,1.527,Cultivos Industriales
1998,Tamil Nadu,Castor seed,14626,42634.0,0.347647059,Oleaginosas
1998,Tamil Nadu,Cashewnut,15162,78475.0,0.2235,Frutales
1998,Tamil Nadu,Cardamom,311,4197.0,0.07875,"Especias, Tubérculos y Hortalizas"
1998,Tamil Nadu,Black pepper,520,2633.0,0.212222222,"Especias, Tubérculos y Hortalizas"
1998,Tamil Nadu,Banana,3649318,74681.0,44.85214286,Frutales
2000,Tamil Nadu,Banana,2473512,77485.0,29.60107143,Frutales
2000,Tamil Nadu,Black pepper,449,1640.0,0.184285714,"Especias, Tubérculos y Hortalizas"
2000,Tamil Nadu,Cardamom,204,2144.0,0.078,"Especias, Tubérculos y Hortalizas"
1998,Tamil Nadu,Dry chillies,39657,65980.0,0.635555556,"Especias, Tubérculos y Hortalizas"
2000,Tamil Nadu,Cashewnut,20348,88123.0,0.304782609,Frutales
2000,Tamil Nadu,Dry chillies,35263,66601.0,0.692592593,"Especias, Tubérculos y Hortalizas"
2000,Tamil Nadu,Garlic,3516,601.0,5.74,"Especias, Tubérculos y Hortalizas"
2000,Tamil Nadu,Onion,265887,29822.0,8.016666667,"Especias, Tubérculos y Hortalizas"
2000,Tamil Nadu,Potato,49126,2723.0,18.08,"Especias, Tubérculos y Hortalizas"
2000,Tamil Nadu,Sannhamp,7681,10538.0,0.725625,Cereales y Granos
2000,Tamil Nadu,Sugarcane,34062855,317473.0,108.0914815,Cultivos Industriales
2000,Tamil Nadu,Sweet potato,10581,916.0,11.92647059,"Especias, Tubérculos y Hortalizas"
2000,Tamil Nadu,Tapioca,4017008,109681.0,36.006,Cereales y Granos
2000,Tamil Nadu,Coriander,4132,19170.0,0.2365,"Especias, Tubérculos y Hortalizas"
2009,Tamil Nadu,Ragi,160939,82335.0,2.344642857,Cereales y Granos
2008,Tamil Nadu,Moong(Green Gram),31336,138598.0,0.336333333,Leguminosas
2005,Tamil Nadu,Banana,4647635,94648.0,48.51965517,Frutales
2002,Tamil Nadu,Dry chillies,40646,68566.0,0.640740741,"Especias, Tubérculos y Hortalizas"
2002,Tamil Nadu,Coriander,4707,25326.0,0.191818182,"Especias, Tubérculos y Hortalizas"
2005,Tamil Nadu,Arecanut,9198,4773.0,1.212727273,Frutales
2007,Tamil Nadu,Gram,4587,6800.0,0.5575,Leguminosas
2007,Tamil Nadu,Ginger,11898,625.0,18.97857143,"Especias, Tubérculos y Hortalizas"
2007,Tamil Nadu,Garlic,2994,505.0,5.763333333,"Especias, Tubérculos y Hortalizas"
2002,Tamil Nadu,Garlic,3378,565.0,5.69,"Especias, Tubérculos y Hortalizas"
2007,Tamil Nadu,Dry chillies,34084,67408.0,0.627586207,"Especias, Tubérculos y Hortalizas"
2006,Tamil Nadu,Arecanut,11904,5526.0,1.603636364,Frutales
2006,Tamil Nadu,Arhar/Tur,21334,29127.0,0.744,Leguminosas
2006,Tamil Nadu,Bajra,98969,65512.0,1.588333333,Cereales y Granos
2006,Tamil Nadu,Banana,5637371,105206.0,54.02931034,Frutales
2006,Tamil Nadu,Black pepper,843,3703.0,0.186923077,"Especias, Tubérculos y Hortalizas"
2006,Tamil Nadu,Cardamom,404,4441.0,0.0675,"Especias, Tubérculos y Hortalizas"
2007,Tamil Nadu,Cotton(lint),200673,99335.0,2.013928571,Fibras 
2002,Tamil Nadu,Ginger,6665,416.0,16.00888889,"Especias, Tubérculos y Hortalizas"
2002,Tamil Nadu,Onion,198715,23492.0,8.54625,"Especias, Tubérculos y Hortalizas"
2002,Tamil Nadu,Potato,73362,4537.0,18.3475,"Especias, Tubérculos y Hortalizas"
2005,Tamil Nadu,Tobacco,7792,5102.0,1.451,Cultivos Industriales
2005,Tamil Nadu,Turmeric,143358,25970.0,5.547037037,"Especias, Tubérculos y Hortalizas"
2007,Tamil Nadu,Ragi,175944,93701.0,1.996538462,Cereales y Granos
2007,Tamil Nadu,Potato,68169,4066.0,17.018,"Especias, Tubérculos y Hortalizas"
2002,Tamil Nadu,Turmeric,64536,17298.0,3.67,"Especias, Tubérculos y Hortalizas"
2002,Tamil Nadu,Tobacco,12630,8213.0,1.435454545,Cultivos Industriales
2007,Tamil Nadu,Onion,287208,29809.0,9.574347826,"Especias, Tubérculos y Hortalizas"
2002,Tamil Nadu,Tapioca,2146534,67951.0,32.53576923,Cereales y Granos
2007,Tamil Nadu,Moong(Green Gram),46213,158691.0,0.414285714,Leguminosas
2007,Tamil Nadu,Maize,810057,223428.0,4.077307692,Cereales y Granos
2007,Tamil Nadu,Jowar,247836,283526.0,1.0528,Cereales y Granos
2007,Tamil Nadu,Horse-gram,21339,48448.0,0.4488,Leguminosas
2007,Tamil Nadu,Groundnut,1047586,535211.0,1.850357143,Oleaginosas
2002,Tamil Nadu,Sweet potato,11121,814.0,13.8292,"Especias, Tubérculos y Hortalizas"
2002,Tamil Nadu,Sugarcane,24165390,261416.0,89.04185185,Cultivos Industriales
2006,Tamil Nadu,Cashewnut,51057,103968.0,0.503571429,Frutales
2006,Tamil Nadu,Castor seed,1674,5289.0,0.35375,Oleaginosas
2006,Tamil Nadu,Coconut ,5429900000,374604.0,13584.69138,Frutales
2006,Tamil Nadu,Coriander,5676,17425.0,0.321304348,"Especias, Tubérculos y Hortalizas"
2006,Tamil Nadu,Jowar,293940,294376.0,1.212916667,Cereales y Granos
2006,Tamil Nadu,Maize,759112,197782.0,4.483076923,Cereales y Granos
2006,Tamil Nadu,Moong(Green Gram),77404,134071.0,0.588214286,Leguminosas
2006,Tamil Nadu,Onion,258333,29587.0,8.720454545,"Especias, Tubérculos y Hortalizas"
2006,Tamil Nadu,Potato,77443,5190.0,15.11333333,"Especias, Tubérculos y Hortalizas"
2006,Tamil Nadu,Ragi,148148,95478.0,2.046153846,Cereales y Granos
2006,Tamil Nadu,Rapeseed &Mustard,80,344.0,0.150769231,Oleaginosas
2006,Tamil Nadu,Sesamum,27328,52624.0,0.491111111,Oleaginosas
2006,Tamil Nadu,Sugarcane,48037332,391201.0,118.1746429,Cultivos Industriales
2006,Tamil Nadu,Sunflower,47884,26194.0,1.726538462,Oleaginosas
2006,Tamil Nadu,Sweet potato,18933,1127.0,17.74740741,"Especias, Tubérculos y Hortalizas"
2006,Tamil Nadu,Tapioca,5635436,139628.0,41.62785714,Cereales y Granos
2006,Tamil Nadu,Tobacco,7724,5041.0,1.443333333,Cultivos Industriales
2006,Tamil Nadu,Turmeric,175388,30528.0,5.748148148,"Especias, Tubérculos y Hortalizas"
2006,Tamil Nadu,Urad,143053,251014.0,0.6425,Leguminosas
2006,Tamil Nadu,Horse-gram,32549,55635.0,0.5884,Leguminosas
2005,Tamil Nadu,Tapioca,4857440,127122.0,38.21481481,Cereales y Granos
2006,Tamil Nadu,Groundnut,1006475,508032.0,2.085357143,Oleaginosas
2006,Tamil Nadu,Ginger,12468,669.0,18.65625,"Especias, Tubérculos y Hortalizas"
2006,Tamil Nadu,Cotton(lint),220864,100339.0,2.281111111,Fibras 
2006,Tamil Nadu,Dry chillies,42719,61418.0,0.803928571,"Especias, Tubérculos y Hortalizas"
2007,Tamil Nadu,Coriander,5120,13288.0,0.385909091,"Especias, Tubérculos y Hortalizas"
2007,Tamil Nadu,Coconut ,5438500000,383366.0,13190.09759,Frutales
2007,Tamil Nadu,Castor seed,1624,5184.0,0.344782609,Oleaginosas
2007,Tamil Nadu,Cashewnut,57905,101309.0,0.548148148,Frutales
2007,Tamil Nadu,Cardamom,402,4404.0,0.078,"Especias, Tubérculos y Hortalizas"
2007,Tamil Nadu,Black pepper,719,3130.0,0.145333333,"Especias, Tubérculos y Hortalizas"
2007,Tamil Nadu,Banana,5384825,112793.0,48.00758621,Frutales
2007,Tamil Nadu,Bajra,85840,59798.0,1.6084,Cereales y Granos
2007,Tamil Nadu,Arhar/Tur,21077,30057.0,0.73375,Leguminosas
2007,Tamil Nadu,Arecanut,11739,5553.0,2.057391304,Frutales
2002,Tamil Nadu,Arecanut,0,4956.0,0.0,Frutales
2002,Tamil Nadu,Cashewnut,35885,95217.0,0.3108,Frutales
2006,Tamil Nadu,Garlic,3139,528.0,5.304,"Especias, Tubérculos y Hortalizas"
2006,Tamil Nadu,Gram,3831,5933.0,0.53,Leguminosas
2005,Tamil Nadu,Sweet potato,29555,1417.0,20.8868,"Especias, Tubérculos y Hortalizas"
2002,Tamil Nadu,Banana,2836916,76771.0,34.81964286,Frutales
2007,Tamil Nadu,Sesamum,32201,74376.0,0.434814815,Oleaginosas
2005,Tamil Nadu,Sugarcane,35113269,335397.0,102.4842857,Cultivos Industriales
2005,Tamil Nadu,Black pepper,851,3745.0,0.173076923,"Especias, Tubérculos y Hortalizas"
2005,Tamil Nadu,Potato,74593,5005.0,15.32,"Especias, Tubérculos y Hortalizas"
2005,Tamil Nadu,Onion,233796,29169.0,8.07826087,"Especias, Tubérculos y Hortalizas"
2005,Tamil Nadu,Garlic,2561,428.0,5.854,"Especias, Tubérculos y Hortalizas"
2005,Tamil Nadu,Cardamom,448,4887.0,0.072727273,"Especias, Tubérculos y Hortalizas"
2005,Tamil Nadu,Cashewnut,43856,106059.0,0.368571429,Frutales
2007,Tamil Nadu,Rapeseed &Mustard,67,275.0,0.204545455,Oleaginosas
2005,Tamil Nadu,Coconut ,4867100000,370515.0,11777.93172,Frutales
2005,Tamil Nadu,Dry chillies,31830,49033.0,0.797241379,"Especias, Tubérculos y Hortalizas"
2007,Tamil Nadu,Tobacco,9056,5903.0,1.4625,Cultivos Industriales
2005,Tamil Nadu,Coriander,6424,21062.0,0.296956522,"Especias, Tubérculos y Hortalizas"
2007,Tamil Nadu,Urad,79980,307515.0,0.397857143,Leguminosas
2007,Tamil Nadu,Tapioca,5912307,140092.0,42.09785714,Cereales y Granos
2007,Tamil Nadu,Turmeric,146008,27303.0,5.253846154,"Especias, Tubérculos y Hortalizas"
2007,Tamil Nadu,Sugarcane,38070965,354022.0,104.9803571,Cultivos Industriales
2007,Tamil Nadu,Sunflower,70203,44177.0,1.513076923,Oleaginosas
2007,Tamil Nadu,Sweet potato,14780,1088.0,13.7055,"Especias, Tubérculos y Hortalizas"
2000,Tripura,Potato,105870,5590.0,17.575,"Especias, Tubérculos y Hortalizas"
2007,Tripura,Sugarcane,46678,959.0,49.0375,Cultivos Industriales
2004,Tripura,Sugarcane,50413,1030.0,48.8525,Cultivos Industriales
2003,Tripura,Sugarcane,47510,1120.0,41.27,Cultivos Industriales
2003,Tripura,Potato,89565,5665.0,15.6275,"Especias, Tubérculos y Hortalizas"
2003,Tripura,Moong(Green Gram),2746,4032.0,0.6775,Leguminosas
2002,Tripura,other oilseeds,3520,5003.0,0.695,Oleaginosas
2002,Tripura,Sugarcane,56203,1150.0,49.5125,Cultivos Industriales
2002,Tripura,Potato,112070,5735.0,18.61,"Especias, Tubérculos y Hortalizas"
2009,Tripura,Sugarcane,44913,879.0,51.4225,Cultivos Industriales
2001,Tripura,Sugarcane,52700,1020.0,51.9975,Cultivos Industriales
2001,Tripura,Potato,106280,5370.0,19.0,"Especias, Tubérculos y Hortalizas"
2001,Tripura,Moong(Green Gram),3857,5260.0,0.7325,Leguminosas
2006,Tripura,Sugarcane,42373,869.0,49.18,Cultivos Industriales
1999,Tripura,Moong(Green Gram),4170,6135.0,0.6725,Leguminosas
2000,Tripura,Sugarcane,54100,1040.0,52.375,Cultivos Industriales
1999,Tripura,Sugarcane,51300,1015.0,50.7125,Cultivos Industriales
2000,Tripura,Moong(Green Gram),4507,6260.0,0.7025,Leguminosas
2002,Tripura,Moong(Green Gram),3520,5003.0,0.695,Leguminosas
1999,Tripura,Potato,100000,5550.0,17.855,"Especias, Tubérculos y Hortalizas"
2008,Tripura,Sugarcane,51695,972.0,54.9975,Cultivos Industriales
1998,Tripura,Sugarcane,51300,1080.0,48.21,Cultivos Industriales
2005,Tripura,Sugarcane,43334,874.0,48.79,Cultivos Industriales
2003,Uttar Pradesh,Turmeric,1604,887.0,1.823142857,"Especias, Tubérculos y Hortalizas"
1998,Uttar Pradesh,Sugarcane,116483396,1974642.0,51.80960526,Cultivos Industriales
1998,Uttar Pradesh,Sannhamp,3429,9421.0,0.343703704,Cereales y Granos
2002,Uttar Pradesh,Sugarcane,120948041,2148981.0,51.2157971,Cultivos Industriales
1998,Uttar Pradesh,Onion,302996,24949.0,12.188125,"Especias, Tubérculos y Hortalizas"
2002,Uttar Pradesh,Turmeric,2027,1116.0,1.855135135,"Especias, Tubérculos y Hortalizas"
2003,Uttar Pradesh,Tobacco,155821,23384.0,6.369090909,Cultivos Industriales
2003,Uttar Pradesh,Sugarcane,117566725,2110126.0,48.92214286,Cultivos Industriales
2003,Uttar Pradesh,Sannhamp,1167,3876.0,0.278085106,Cereales y Granos
2003,Uttar Pradesh,Potato,9540059,441796.0,19.60414286,"Especias, Tubérculos y Hortalizas"
2006,Uttar Pradesh,Banana,77709,2002.0,38.84296296,Frutales
2006,Uttar Pradesh,Coriander,2869,5515.0,0.516290323,"Especias, Tubérculos y Hortalizas"
2006,Uttar Pradesh,Dry chillies,14295,15071.0,0.953283582,"Especias, Tubérculos y Hortalizas"
2006,Uttar Pradesh,Guar seed,2097,2494.0,0.842068966,Cultivos Industriales
1999,Uttar Pradesh,Moth,84,204.0,0.447272727,Leguminosas
1997,Uttar Pradesh,Sugarcane,121066703,1985223.0,53.15815789,Cultivos Industriales
1997,Uttar Pradesh,Potato,5869975,400234.0,13.6445,"Especias, Tubérculos y Hortalizas"
2002,Uttar Pradesh,Onion,630,61.0,10.325,"Especias, Tubérculos y Hortalizas"
2000,Uttar Pradesh,Turmeric,2185,1253.0,1.779142857,"Especias, Tubérculos y Hortalizas"
2000,Uttar Pradesh,Sugarcane,106067503,1938366.0,50.03478261,Cultivos Industriales
2000,Uttar Pradesh,Potato,8398200,394083.0,19.7573913,"Especias, Tubérculos y Hortalizas"
2002,Uttar Pradesh,Potato,10244139,442030.0,22.26231884,"Especias, Tubérculos y Hortalizas"
2002,Uttar Pradesh,Sannhamp,1262,4001.0,0.316666667,Cereales y Granos
1998,Uttar Pradesh,Tobacco,123903,18679.0,6.295531915,Cultivos Industriales
1998,Uttar Pradesh,Turmeric,1554,836.0,1.881944444,"Especias, Tubérculos y Hortalizas"
1998,Uttar Pradesh,Potato,9793745,429231.0,21.38225,"Especias, Tubérculos y Hortalizas"
2004,Uttar Pradesh,Garlic,140083,32348.0,4.241764706,"Especias, Tubérculos y Hortalizas"
1999,Uttar Pradesh,Onion,404070,28666.0,14.15512195,"Especias, Tubérculos y Hortalizas"
1999,Uttar Pradesh,Peas & beans (Pulses),564623,408085.0,1.459259259,Leguminosas
1999,Uttar Pradesh,Potato,9952976,441656.0,21.67878049,"Especias, Tubérculos y Hortalizas"
1999,Uttar Pradesh,Sugarcane,115418883,2011024.0,52.28773333,Cultivos Industriales
1999,Uttar Pradesh,Tobacco,133250,19468.0,6.125365854,Cultivos Industriales
1999,Uttar Pradesh,Turmeric,1981,1271.0,1.583488372,"Especias, Tubérculos y Hortalizas"
2001,Uttar Pradesh,Turmeric,2543,1419.0,1.837906977,"Especias, Tubérculos y Hortalizas"
2004,Uttar Pradesh,Banana,58736,1615.0,36.31133333,Frutales
2004,Uttar Pradesh,Dry chillies,16919,19027.0,0.938939394,"Especias, Tubérculos y Hortalizas"
2001,Uttar Pradesh,Potato,9582545,388552.0,23.1684058,"Especias, Tubérculos y Hortalizas"
2004,Uttar Pradesh,Guar seed,2084,2461.0,0.849245283,Cultivos Industriales
2004,Uttar Pradesh,Onion,210477,18430.0,11.42328571,"Especias, Tubérculos y Hortalizas"
2004,Uttar Pradesh,Sweet potato,257051,23096.0,11.46550725,"Especias, Tubérculos y Hortalizas"
2002,Uttar Pradesh,Tobacco,139898,23107.0,5.677586207,Cultivos Industriales
2005,Uttar Pradesh,Banana,75867,1991.0,38.08033333,Frutales
2004,Uttar Pradesh,Tobacco,129494,23780.0,4.836060606,Cultivos Industriales
2005,Uttar Pradesh,Sweet potato,267901,20476.0,13.18318841,"Especias, Tubérculos y Hortalizas"
2005,Uttar Pradesh,Onion,328222,25535.0,12.85246377,"Especias, Tubérculos y Hortalizas"
2005,Uttar Pradesh,Tobacco,123362,20591.0,5.484444444,Cultivos Industriales
2001,Uttar Pradesh,Tobacco,134679,19772.0,6.335925926,Cultivos Industriales
2005,Uttar Pradesh,Garlic,133975,30748.0,4.375833333,"Especias, Tubérculos y Hortalizas"
2005,Uttar Pradesh,Guar seed,1884,2327.0,0.812641509,Cultivos Industriales
2005,Uttar Pradesh,Coriander,3200,5591.0,0.578387097,"Especias, Tubérculos y Hortalizas"
2001,Uttar Pradesh,Sugarcane,117981573,2034883.0,52.52608696,Cultivos Industriales
2005,Uttar Pradesh,Dry chillies,13790,14999.0,0.919402985,"Especias, Tubérculos y Hortalizas"
2003,Uttaranchal,Sugarcane,7023220,116877.0,58.12,Cultivos Industriales
2005,Uttaranchal,Garlic,20330,2222.0,9.173636364,"Especias, Tubérculos y Hortalizas"
2005,Uttaranchal,Tobacco,97,26.0,3.833333333,Cultivos Industriales
2005,Uttaranchal,Sugarcane,6635715,107748.0,61.53333333,Cultivos Industriales
2003,Uttaranchal,Tobacco,78,23.0,3.26,Cultivos Industriales
2005,Uttaranchal,Potato,243492,15736.0,15.04615385,"Especias, Tubérculos y Hortalizas"
2003,Uttaranchal,Potato,261765,16054.0,15.82153846,"Especias, Tubérculos y Hortalizas"
2009,Uttaranchal,Onion,9211,2158.0,4.625833333,"Especias, Tubérculos y Hortalizas"
2009,Uttaranchal,Garlic,20716,2835.0,5.318181818,"Especias, Tubérculos y Hortalizas"
2006,Uttaranchal,Turmeric,475,207.0,1.915,"Especias, Tubérculos y Hortalizas"
2006,Uttaranchal,Tobacco,44,13.0,2.857142857,Cultivos Industriales
2006,Uttaranchal,Sugarcane,7267238,118869.0,61.44,Cultivos Industriales
2006,Uttaranchal,Onion,11886,2116.0,6.464615385,"Especias, Tubérculos y Hortalizas"
2006,Uttaranchal,Garlic,16735,2382.0,5.73173913,"Especias, Tubérculos y Hortalizas"
2009,Uttaranchal,Sugarcane,6088488,99988.0,61.34,Cultivos Industriales
2009,Uttaranchal,Tobacco,7,11.0,0.64,Cultivos Industriales
2009,Uttaranchal,Turmeric,149,155.0,0.971666667,"Especias, Tubérculos y Hortalizas"
2003,Uttaranchal,Garlic,17920,2747.0,4.46173913,"Especias, Tubérculos y Hortalizas"
2003,Uttaranchal,Onion,19183,1719.0,11.30846154,"Especias, Tubérculos y Hortalizas"
2005,Uttaranchal,Onion,26694,1996.0,12.83076923,"Especias, Tubérculos y Hortalizas"
2008,Uttaranchal,Turmeric,433,215.0,2.056666667,"Especias, Tubérculos y Hortalizas"
2002,Uttaranchal,Sugarcane,7362658,122453.0,58.185,Cultivos Industriales
2000,Uttaranchal,Tobacco,713,102.0,7.142,Cultivos Industriales
2002,Uttaranchal,Onion,8839,1920.0,6.455384615,"Especias, Tubérculos y Hortalizas"
2007,Uttaranchal,Garlic,17100,2468.0,5.487916667,"Especias, Tubérculos y Hortalizas"
2002,Uttaranchal,Garlic,16513,2180.0,4.292692308,"Especias, Tubérculos y Hortalizas"
2004,Uttaranchal,Garlic,16770,1849.0,9.342727273,"Especias, Tubérculos y Hortalizas"
2008,Uttaranchal,Garlic,27121,2972.0,5.802727273,"Especias, Tubérculos y Hortalizas"
2007,Uttaranchal,Onion,10098,1976.0,5.836923077,"Especias, Tubérculos y Hortalizas"
2004,Uttaranchal,Onion,17694,2045.0,9.187692308,"Especias, Tubérculos y Hortalizas"
2004,Uttaranchal,Sugarcane,6358655,106267.0,58.47166667,Cultivos Industriales
2002,Uttaranchal,Turmeric,295,142.0,1.926,"Especias, Tubérculos y Hortalizas"
2002,Uttaranchal,Tobacco,2858,738.0,6.703333333,Cultivos Industriales
2008,Uttaranchal,Tobacco,39,11.0,3.4,Cultivos Industriales
2002,Uttaranchal,Sannhamp,1262,4007.0,0.31,Cereales y Granos
2004,Uttaranchal,Tobacco,117,31.0,3.486,Cultivos Industriales
2004,Uttaranchal,Potato,180857,14104.0,13.04461538,"Especias, Tubérculos y Hortalizas"
2007,Uttaranchal,Sugarcane,7594553,122533.0,62.12857143,Cultivos Industriales
2000,Uttaranchal,Turmeric,39,152.0,2.778,"Especias, Tubérculos y Hortalizas"
2001,Uttaranchal,Onion,8089,1642.0,6.451538462,"Especias, Tubérculos y Hortalizas"
2000,Uttaranchal,Sugarcane,6831440,116478.0,58.175,Cultivos Industriales
2000,Uttaranchal,Onion,11027,1781.0,7.395384615,"Especias, Tubérculos y Hortalizas"
2007,Uttaranchal,Turmeric,403,223.0,1.91,"Especias, Tubérculos y Hortalizas"
2008,Uttaranchal,Sugarcane,5683369,107907.0,54.82,Cultivos Industriales
2008,Uttaranchal,Onion,7920,1869.0,5.134615385,"Especias, Tubérculos y Hortalizas"
2001,Uttaranchal,Garlic,16832,2063.0,5.50952381,"Especias, Tubérculos y Hortalizas"
2000,Uttaranchal,Garlic,16274,2062.0,5.604761905,"Especias, Tubérculos y Hortalizas"
2007,Uttaranchal,Tobacco,36,12.0,3.0,Cultivos Industriales
2001,Uttaranchal,Sugarcane,6958951,118637.0,58.175,Cultivos Industriales
2001,Uttaranchal,Tobacco,907,126.0,7.226666667,Cultivos Industriales
2001,Uttaranchal,Turmeric,97,45.0,1.922,"Especias, Tubérculos y Hortalizas"
2009,West Bengal,Coconut ,362736500,28846.0,12313.48667,Frutales
2009,West Bengal,Sugarcane,1000808,13750.0,78.33428571,Cultivos Industriales
1997,West Bengal,Dry chillies,55569,64034.0,0.942777778,"Especias, Tubérculos y Hortalizas"
1997,West Bengal,Groundnut,38672,29615.0,1.13,Oleaginosas
2000,West Bengal,Arecanut,12191,7773.0,1.84,Frutales
2006,West Bengal,Tobacco,16603,11991.0,0.8,Cultivos Industriales
2006,West Bengal,Turmeric,30069,13659.0,1.942777778,"Especias, Tubérculos y Hortalizas"
1997,West Bengal,Potato,5581553,284015.0,18.23722222,"Especias, Tubérculos y Hortalizas"
1997,West Bengal,Niger seed,3522,6512.0,0.40375,Oleaginosas
1997,West Bengal,Maize,130390,35469.0,2.658461538,Cereales y Granos
1997,West Bengal,Cardamom,7,2674.0,0.0,"Especias, Tubérculos y Hortalizas"
1997,West Bengal,Linseed,4210,16486.0,0.251538462,Oleaginosas
1997,West Bengal,Jowar,450,948.0,0.482,Cereales y Granos
2003,West Bengal,Cardamom,704,2874.0,0.24,"Especias, Tubérculos y Hortalizas"
1997,West Bengal,Castor seed,46,660.0,0.07,Oleaginosas
1997,West Bengal,Rapeseed &Mustard,250950,327123.0,0.718333333,Oleaginosas
2006,West Bengal,Arecanut,106052,24382.0,1.957647059,Frutales
2006,West Bengal,Cardamom,704,2874.0,0.24,"Especias, Tubérculos y Hortalizas"
1997,West Bengal,Barley,5034,6116.0,1.68,Cereales y Granos
1997,West Bengal,Arhar/Tur,2181,3630.0,0.777692308,Leguminosas
1999,West Bengal,Arecanut,13124,7677.0,1.864117647,Frutales
1999,West Bengal,Cardamom,690,2875.0,0.24,"Especias, Tubérculos y Hortalizas"
1999,West Bengal,Coconut ,324305700,24216.0,13592.12778,Frutales
1999,West Bengal,Sugarcane,1762806,22883.0,78.571875,Cultivos Industriales
1999,West Bengal,Tobacco,6694,11442.0,0.592,Cultivos Industriales
1999,West Bengal,Turmeric,20023,13283.0,1.425555556,"Especias, Tubérculos y Hortalizas"
2001,West Bengal,Tobacco,5300,9718.0,0.652,Cultivos Industriales
2001,West Bengal,Sugarcane,1513656,19598.0,79.67857143,Cultivos Industriales
1997,West Bengal,Arecanut,12423,8058.0,1.691764706,Frutales
2003,West Bengal,Arecanut,18519,9166.0,2.096666667,Frutales
2001,West Bengal,Sesamum,90837,108557.0,0.725555556,Oleaginosas
2006,West Bengal,Dry chillies,63596,52246.0,1.115,"Especias, Tubérculos y Hortalizas"
2006,West Bengal,Groundnut,98246,57395.0,1.445,Oleaginosas
2006,West Bengal,Potato,5051962,407941.0,13.35111111,"Especias, Tubérculos y Hortalizas"
1997,West Bengal,Turmeric,23556,12481.0,1.661111111,"Especias, Tubérculos y Hortalizas"
1997,West Bengal,Sunflower,1,278.0,0.0,Oleaginosas
2006,West Bengal,Sannhamp,7252,1294.0,5.58125,Cereales y Granos
2006,West Bengal,Sesamum,186144,200389.0,0.905555556,Oleaginosas
1997,West Bengal,Sugarcane,1818700,25797.0,67.83625,Cultivos Industriales
1997,West Bengal,Small millets,3222,5046.0,0.626666667,Cereales y Granos
1997,West Bengal,Sesamum,88943,127913.0,0.649444444,Oleaginosas
1997,West Bengal,Sannhamp,9073,2015.0,4.598571429,Cereales y Granos
2006,West Bengal,Sugarcane,1266705,16583.0,79.200625,Cultivos Industriales
1997,West Bengal,Safflower,3000,10800.0,0.2975,Oleaginosas
2006,West Bengal,Coconut ,359065200,25068.0,13259.37833,Frutales
1997,West Bengal,Coconut ,306202300,24273.0,13003.78778,Frutales
2000,West Bengal,Sugarcane,1465550,21609.0,67.08461538,Cultivos Industriales
2003,West Bengal,Coconut ,317488500,24443.0,12370.06944,Frutales
2008,West Bengal,Cardamom,704,245.0,2.87,"Especias, Tubérculos y Hortalizas"
2008,West Bengal,Coconut ,357235500,28757.0,12255.46667,Frutales
2008,West Bengal,Dry chillies,94787,63249.0,1.427777778,"Especias, Tubérculos y Hortalizas"
2008,West Bengal,Potato,4121189,385981.0,13.99944444,"Especias, Tubérculos y Hortalizas"
2008,West Bengal,Sugarcane,1638267,17557.0,98.52,Cultivos Industriales
2008,West Bengal,Tobacco,17999,12707.0,0.676666667,Cultivos Industriales
2008,West Bengal,Turmeric,35372,15216.0,2.138888889,"Especias, Tubérculos y Hortalizas"
1998,West Bengal,Arecanut,13665,8239.0,1.595294118,Frutales
1998,West Bengal,Cardamom,690,2875.0,0.24,"Especias, Tubérculos y Hortalizas"
1998,West Bengal,Coconut ,318174400,24616.0,12448.06222,Frutales
1998,West Bengal,Dry chillies,51303,64354.0,0.890555556,"Especias, Tubérculos y Hortalizas"
2007,West Bengal,Arecanut,20869,11388.0,1.698823529,Frutales
2007,West Bengal,Coconut ,355531900,28644.0,12380.47722,Frutales
2007,West Bengal,Dry chillies,93697,62382.0,1.453888889,"Especias, Tubérculos y Hortalizas"
2007,West Bengal,Potato,9900846,400786.0,22.28666667,"Especias, Tubérculos y Hortalizas"
2008,West Bengal,Arecanut,21157,11394.0,1.623888889,Frutales
2004,West Bengal,Cardamom,1,2.874,0.24,"Especias, Tubérculos y Hortalizas"
2002,West Bengal,Arecanut,16568,9081.0,2.998235294,Frutales
2002,West Bengal,Coconut ,324194500,24976.0,12229.29167,Frutales
2005,West Bengal,Arecanut,29287,9363.0,2.821176471,Frutales
2005,West Bengal,Cardamom,704,2874.0,0.24,"Especias, Tubérculos y Hortalizas"
2005,West Bengal,Coconut ,323525800,24884.0,11972.035,Frutales
2005,West Bengal,Dry chillies,60727,51957.0,1.055,"Especias, Tubérculos y Hortalizas"
2005,West Bengal,Groundnut,83116,48818.0,1.565,Oleaginosas
2005,West Bengal,Potato,7462464,354455.0,19.345,"Especias, Tubérculos y Hortalizas"
2005,West Bengal,Sannhamp,6725,1257.0,5.41625,Cereales y Granos
2005,West Bengal,Sesamum,136072,148628.0,0.854705882,Oleaginosas
2005,West Bengal,Sugarcane,1247713,15031.0,80.03066667,Cultivos Industriales
2005,West Bengal,Tobacco,19890,13884.0,0.791666667,Cultivos Industriales
2005,West Bengal,Turmeric,25049,11844.0,2.017777778,"Especias, Tubérculos y Hortalizas"
2002,West Bengal,Turmeric,21346,11731.0,1.704444444,"Especias, Tubérculos y Hortalizas"
2002,West Bengal,Tobacco,4205,7757.0,0.67,Cultivos Industriales
2002,West Bengal,Sugarcane,1281276,19460.0,64.52933333,Cultivos Industriales
2002,West Bengal,Sannhamp,6918,1374.0,5.218571429,Cereales y Granos
2002,West Bengal,Cardamom,704,2874.0,0.24,"Especias, Tubérculos y Hortalizas"
2004,West Bengal,Coconut ,310874400,24294.0,12630.52667,Frutales
2007,West Bengal,Sugarcane,1772001,16868.0,103.3246667,Cultivos Industriales
2007,West Bengal,Tobacco,16472,11698.0,0.796666667,Cultivos Industriales
2000,West Bengal,Sannhamp,7064,1519.0,4.527142857,Cereales y Granos
2000,West Bengal,Potato,7673130,299664.0,22.39388889,"Especias, Tubérculos y Hortalizas"
2000,West Bengal,Dry chillies,54971,61498.0,0.941111111,"Especias, Tubérculos y Hortalizas"
2000,West Bengal,Coconut ,330524800,24511.0,13234.92556,Frutales
2001,West Bengal,Coconut ,331603800,38404.0,12368.60944,Frutales
2001,West Bengal,Dry chillies,54530,60998.0,0.937777778,"Especias, Tubérculos y Hortalizas"
2001,West Bengal,Potato,7822363,299821.0,21.95444444,"Especias, Tubérculos y Hortalizas"
2001,West Bengal,Sannhamp,7365,1515.0,4.812857143,Cereales y Granos
2003,West Bengal,Turmeric,24496,12619.0,1.866111111,"Especias, Tubérculos y Hortalizas"
2003,West Bengal,Tobacco,9598,12996.0,0.718,Cultivos Industriales
2003,West Bengal,Sugarcane,1252628,16903.0,74.46533333,Cultivos Industriales
2003,West Bengal,Sesamum,143004,163337.0,0.763333333,Oleaginosas
2003,West Bengal,Sannhamp,6669,1273.0,5.142857143,Cereales y Granos
2003,West Bengal,Potato,7621635,308425.0,21.86777778,"Especias, Tubérculos y Hortalizas"
2003,West Bengal,Dry chillies,66252,60468.0,0.999444444,"Especias, Tubérculos y Hortalizas"
2000,West Bengal,Sesamum,92276,107161.0,0.736111111,Oleaginosas
2000,West Bengal,Tobacco,5703,10456.0,0.598,Cultivos Industriales
2000,West Bengal,Turmeric,22445,13885.0,1.536111111,"Especias, Tubérculos y Hortalizas"
2001,West Bengal,Cardamom,704,2875.0,0.24,"Especias, Tubérculos y Hortalizas"
2007,West Bengal,Turmeric,34601,14872.0,2.099444444,"Especias, Tubérculos y Hortalizas"
2004,West Bengal,Groundnut,71469,46467.0,1.383333333,Oleaginosas
2004,West Bengal,Potato,7106581,320552.0,21.12944444,"Especias, Tubérculos y Hortalizas"
2004,West Bengal,Sannhamp,7658,1526.0,5.045,Cereales y Granos
2004,West Bengal,Sesamum,125041,148267.0,0.761764706,Oleaginosas
2004,West Bengal,Sugarcane,1033235,15647.0,64.3,Cultivos Industriales
2004,West Bengal,Tobacco,20060,15058.0,0.695,Cultivos Industriales
2009,West Bengal,Tobacco,20927,14169.0,0.935,Cultivos Industriales
2004,West Bengal,Turmeric,24478,12400.0,1.850555556,"Especias, Tubérculos y Hortalizas"
2001,West Bengal,Arecanut,14885,9276.0,1.861764706,Frutales
1998,West Bengal,Groundnut,34994,30157.0,1.128571429,Oleaginosas
1998,West Bengal,Potato,6689636,318199.0,18.95944444,"Especias, Tubérculos y Hortalizas"
1998,West Bengal,Sannhamp,9280,1800.0,4.971428571,Cereales y Granos
1998,West Bengal,Sesamum,85448,100425.0,0.741111111,Oleaginosas
1998,West Bengal,Sugarcane,2001900,26949.0,75.314375,Cultivos Industriales
1998,West Bengal,Turmeric,21487,12763.0,1.569444444,"Especias, Tubérculos y Hortalizas"
2001,West Bengal,Turmeric,22031,12794.0,1.602222222,"Especias, Tubérculos y Hortalizas"
2004,West Bengal,Dry chillies,61442,52182.0,1.038888889,"Especias, Tubérculos y Hortalizas"
